TV,Radio,Newspaper,Sales
115.48933505997194,32.10158230771439,10.31238688359326,25.314828012836934
285.46072039092525,4.206998249752441,90.25529066795667,35.36457306338411
220.9382128343645,8.081435704730689,50.525237244785714,30.434573487048056
181.6042528381258,44.927709426353964,82.64574661077417,38.31078207607404
51.02549893051877,30.321452982979498,32.00496010306117,17.230792350873728
51.018383499179784,0.4598525808314824,89.55232284962005,4.503559831460022
22.13466558961884,5.0735771433016055,38.92016787341631,11.358169484292397
260.5219630036059,33.17508845540279,1.083765148029836,44.660136901469606
182.3289284642466,0.25307919231093434,90.53819764192636,21.692290521494733
213.88141044983342,8.040402570874933,9.128667678613356,29.706443368104914
11.072425817261722,27.436689468329305,31.93136375904149,12.605010011511471
291.12340638778835,34.59475988463466,95.0061967050805,50.00992785589041
250.5705790361244,32.59806297513003,95.06071469375561,46.85140906839232
67.64003765009147,11.21346547302799,57.34378881232861,16.02158961361066
58.638365326094686,35.6089610673768,63.183721216979926,20.952359247590095
59.104330406762976,11.862454374840004,44.84455219783198,11.006937720770159
94.75146167306363,16.269984907963387,29.321077169806454,17.63943581589419
159.80314733151016,37.32457025590121,32.8664545369916,27.857771378674776
132.42378049942414,32.48164495236073,67.25184560770384,25.68297536643361
90.91259635842236,42.4611705247089,75.237452943768,33.49935163410318
185.49660394310195,32.88064461501717,79.15790437258485,41.92991154713465
46.15068889235234,28.415430166773582,78.96181427945538,17.736382900711686
91.18267131788936,4.683738391404624,9.120610304869036,14.727499009973254
113.07674377163906,18.385790152971676,49.442030470258146,22.84611638682113
139.5406453440256,13.260118384086272,5.755876001664428,31.400684740316578
236.626908610939,12.199482168954178,54.95288823237355,37.73280439984555
63.903765736716124,48.65052773762228,44.1530501373377,27.6279712117593
156.69915933201543,19.65488623333802,88.77041827582998,25.574640656892385
179.76229781430254,44.602327758855665,35.09150125520787,35.29489790559001
18.70287175239933,31.556931299863145,11.706701642760587,15.711642070690058
184.22573131092432,39.74056517708242,14.299168205283586,36.02024495639665
55.304616487751,25.131854655259605,76.15106317174723,13.945555975275887
24.190219930657456,28.845194231317954,61.82180633162611,13.73762155811102
284.9212334897333,24.625884690943195,10.112267612279025,40.99850323654768
289.861449756995,9.762149389902225,8.410680611499743,43.91787224424798
243.47721769435603,36.12260576307526,70.096913145912,47.71316596231942
94.86106190614436,14.03861812204279,7.276300636419353,17.12038276633297
33.81327363188324,1.215798321572692,82.18600592903562,10.627464699705854
206.8487428210863,32.27361479535839,70.62422271564962,39.375884433929556
134.8449856531824,8.855533970352447,8.134878064189976,17.302456823821874
41.001279279209754,47.02292921764572,8.483771408519193,28.468372860542814
151.0771884828247,47.696428850129365,98.66395785011754,40.79784344604704
15.144613728989427,45.743219511022424,37.427079575612034,17.751444580420575
273.2495186132407,18.50793501277222,37.06421470668909,40.36338449858073
81.34009457200499,0.7728308264433714,81.27995672575025,9.06868805357868
200.44407388442468,46.415928129386266,94.72485773838586,40.365758079760184
96.95476744637624,21.409207415865716,98.6001063822871,24.9487898301521
158.4200662474542,48.33274095218348,75.33781852589416,45.57851062249617
166.2795324062675,48.18099885446264,37.62595855309158,35.78275988014157
59.53206438003048,42.650472773368,8.350071669866876,26.05994597841991
291.0274651905448,14.722444603479284,77.71469159274368,40.41463978874648
233.66418289152878,19.254886430096263,55.840424973580504,35.39708886719948
282.1521877614358,42.556833575842845,42.42220092469763,49.95225820748677
268.9740683761564,15.846100257813884,90.6354385094736,37.83606476941435
181.38049374927013,8.474637334304624,11.119748230615134,25.523474032081047
276.9528993318195,27.840063122917506,49.262510429085914,42.86277302833394
31.10528810531625,46.80773870803905,1.1353644767419069,23.289807822727923
62.81494441364784,34.80148983374865,46.86606419941263,22.24499621877804
18.342050228608727,28.50305850446825,5.630327568183735,12.998031839984794
100.97244757516297,4.8588246885384265,11.881791626807193,11.575168430846276
119.65980045839719,30.750361334958487,11.752624677710488,25.16405909084027
85.0479643732993,49.50269250521316,64.92103021160635,33.571427008590575
249.47756519981917,7.004200761826201,74.60448792654233,35.733829450112765
110.24223137460883,25.916482618186837,58.336876509715964,21.82973260802646
87.87568035777733,43.86865359639777,96.21725484745419,30.314885094729146
165.0953445316833,37.03843088771022,37.48705795237041,37.63071622804886
46.57264636755498,34.8507870497634,28.571208628186074,15.092240713211563
241.6481093224417,35.12420419935546,86.85991281894603,46.414733631953915
26.99243988553239,17.97455756098776,22.359583851945263,8.888236210860356
296.1316462971526,14.679592213224668,96.32225394406113,45.04587552560888
232.81220694251394,40.46805777392568,1.2154474689816341,41.85921942242402
63.62112605258086,40.50566973395904,96.98788267076391,20.36191437131504
6.629024551462708,43.35361592900519,4.315991195057611,13.340621828029265
245.56112139417607,45.66202762782356,89.11431136980711,49.658686685810835
213.52291643504705,25.56711994304689,52.77011090862999,37.684167672761454
220.05711457209125,25.07581473435998,99.29647961193004,35.71015935932031
232.524752272354,39.91475894833876,7.379656473539886,45.932244357820906
26.843172261556656,32.49819653888826,55.38542844013208,12.343607668937866
110.74738992056042,35.098343862885166,96.9302535619099,29.069390010917566
39.181372559913264,39.789633471805054,52.30978441701488,18.03076518496454
259.6155106333001,44.50026709087832,62.93986381352625,48.25725706521139
188.87294741412958,16.89975784257679,69.57486889846172,30.95835021864474
102.61491733153152,18.7791476319972,45.454106476777326,18.153291166266353
23.749713334376974,4.69909699204345,62.75580800840635,4.831053924421267
96.73978490612035,28.9140070498087,58.43143119231002,27.361884060147442
100.92907999789038,1.7971136898371043,90.11580104909889,12.90197548809422
220.2338226097289,23.27990090662301,4.5446380341457875,38.337988172695006
193.07945404978787,27.13223173537883,28.096318959223034,31.19523299533769
266.72775906001635,14.32706260641422,95.04114840765587,41.22839163166662
144.30340292277504,29.541663028450536,89.02637838909163,35.238306991868754
40.280302551799004,1.5250124969524714,45.56567527857129,-1.0599786898135735
215.40721223078353,1.8674094374607209,62.013259780153675,25.445408671869952
229.43158934198473,41.13002803298291,27.738118298113267,46.26978068173523
170.5767732830014,18.009532070563143,18.81211597237613,27.440131783503965
232.4353180865955,6.353025632594239,46.36984049399822,32.47428285342305
150.66970092749526,26.112163002740218,35.33522280260528,27.41997820830016
159.20618466768823,38.499677654930544,58.365611185087204,35.93169480821525
131.12460041577214,10.791051374842159,7.773463696498483,19.73981016758325
12.498642389508081,31.144523790950014,97.43948076661665,19.40978240343273
36.82797096302481,4.2673732496884,98.62107444796028,8.86198983430118
14.271609777586605,2.584086058430385,69.81617140197451,5.1553590109476435
192.74107132281523,26.5677315784074,53.60963663441204,33.59258302442163
97.73501441751637,27.031756080505325,30.952761628632775,21.69714072265927
155.0283538935873,31.871495074910328,81.37950197069486,31.681915973149643
272.73210980819744,36.30456668613308,68.47311725538793,49.80249862367957
78.5412075989181,48.79260397312673,16.26169393448913,28.00426693734986
126.06296229551077,25.815017415059767,91.09271844938425,28.14474138116212
227.88758587019936,16.1478236470623,82.2537242923169,41.6769166450315
72.49545882002863,39.759309738435185,94.9799913291924,29.116152890656434
27.70907339949393,13.541612563103712,72.571950838836,9.215102253453955
90.47667860956157,21.948571035281805,61.34151959357899,24.467102005623524
52.5602797399313,3.9228190671132976,41.82430362906189,7.488621149153659
279.26080744105906,1.2675371707728755,93.27284833540132,29.769395122410696
243.395511971503,48.132420733896254,86.60638895004084,47.16829857638747
191.85410817057493,41.79900602561029,4.521867010618941,34.22015696784791
262.0808741053767,34.798710304684896,2.6366974497252005,44.36738251138974
242.08326268523876,20.447647220713495,37.64633668780496,38.037232281838804
60.038167371380574,8.664716003542289,81.0553330781833,17.320885084372097
268.30490455454344,7.8218521335543025,98.72761293149445,38.28066377988931
164.10596136511697,12.512144908229766,15.041689110352818,24.34110552288641
243.19484577339844,27.461333235306025,59.41307153521351,43.844392961184965
269.3469334774305,35.72979613500312,38.08908566310215,40.741926257531304
98.81102511669984,33.009868835886564,96.99143978146031,27.70794301831351
37.46531773566464,13.996694847297142,84.21189231357087,14.091349495130933
72.2408729498728,47.743264033159704,83.83287047111378,25.007109039331368
130.9967976447456,36.89484583478843,46.86931597949703,34.84620250049557
246.31435594713548,27.717702625570034,41.48195023376652,42.48993199104284
258.91552206062136,30.58603731171761,27.340707193070624,42.605227974120616
7.050878506701258,20.980003121389494,5.6375496650927115,11.249203260980657
155.6704542603819,12.386549475057873,86.47223762550531,32.176597627192265
128.13624592888982,17.798633932563078,81.29010091300776,24.66720386792765
70.52180408886542,37.892305523218454,99.97176732861305,26.3636358054245
40.36028336343643,0.7196744314877934,99.66368370739053,5.746294751734567
104.59647556407025,5.803632025345812,55.543170560262745,13.434360180637633
283.1583626541931,2.3001321010876374,76.89874151805105,38.928038638931994
100.3448649461228,2.0364401159485066,94.47657298824281,12.17723982195239
158.043233414293,42.77302920055036,84.96473906774115,37.98839318294831
212.39059287407747,35.18289296900118,24.734810174319765,38.62175219568081
112.27073270189173,23.70869145436626,45.05441353100935,25.293992253832872
291.6757144026834,4.891708032550074,12.915941515149498,38.21707408750587
288.9219520079228,24.58079375584162,95.40510272587224,49.52367363057852
79.27577726848243,23.673588539028284,60.617463445088006,18.66482876016672
151.6883092382537,8.660093495500758,22.864280550346272,21.31429531191756
93.75910139594706,21.692582461898652,67.17006844058567,18.3352353737379
89.02794584135295,19.92523671986867,61.81282404578958,18.556824889597276
15.881649469587174,30.792504902610823,35.81627180328405,16.071026812595026
184.82147852406956,31.75468254338219,11.355759219962902,37.37853147457653
153.29031185251415,2.265200488602226,67.15731955927996,17.87756803639531
20.18623161874686,18.73063073132356,52.03077009037933,13.564033248903616
87.20070694980038,31.29299578571182,77.23183917356393,28.592833508146903
272.9384363601628,25.156812929004385,52.01635011119934,45.095969246716386
75.67075774675686,42.824492059416116,85.21815003185401,33.54503819168855
47.743987266910814,32.93468158094725,55.190683877448556,17.68559718464645
149.3885642818811,8.146721354071484,56.093797153538624,18.573228088590845
295.7668839626272,3.528437370021492,87.66536026583451,33.320547482127715
76.40630509589262,32.12096391031578,40.3482866212397,27.312240842525767
203.27998648473417,1.3255655270810907,13.401522845064074,27.154952014963992
229.67778652197168,29.288779063673164,2.8782676313338973,39.16765734800118
75.1030754777579,47.01151207124788,75.5137255673619,30.167154276136795
219.82382284049856,28.77370889379395,62.03095513534647,35.75249425918921
113.4960241521797,19.408496310326097,70.40797680992236,30.128336897440928
191.53022002510593,32.16441092211766,21.296416150891073,36.66298264080328
191.89126467446394,22.912644524575832,13.637147558676975,32.792936905754225
163.05353180205375,27.280839465796745,1.4544665667881929,32.68514880559699
31.635482166050448,47.07324043882626,35.058755880659696,24.769756848279894
251.4142361988252,19.305131890038712,58.991768685463306,39.74324854642117
99.63011916666207,48.05952819119571,39.22440450997323,29.59249030034126
60.022960567957,45.26753209780318,43.747492202372904,27.599123022731558
17.028666758655355,9.789556739464821,90.41586944937484,13.413653585237169
179.31341824053135,3.4680650437582727,34.82554670233004,27.6376072788786
204.88148674347332,5.038900068871333,51.39894891598108,32.408877295003144
9.893409533717564,0.9110912825774864,78.3653012741143,1.5853046532658333
156.0674521982879,4.72214803779642,39.65427823212701,18.441224582779913
71.8162536833917,34.150338670817845,62.20867002278735,23.144898550490943
195.3259731707877,3.559432423011449,86.23637087467452,26.754791904058678
56.43809655647247,15.948781514688065,94.9520623657642,18.333699995380055
208.82663274022747,42.24376554847273,14.707348092903793,37.17345522093001
119.08692715865854,1.1635967867912933,92.65876251614944,21.197696182460373
281.3353466773367,40.72342412944679,49.21162930795382,50.55982014348123
45.56867852306801,14.092738738669997,25.824438829895836,10.341182484991817
105.61457355982625,5.908241381082813,45.913575623826134,12.919003766308295
38.474688765973774,34.836858268207536,98.0032575285477,15.547201094173515
277.784617392176,31.4471423389942,49.26180939928696,49.36775896253029
263.8151092473894,43.873600676352645,32.875161028750824,50.08471050236801
81.0927801759709,36.75355219019429,63.34008543167258,21.829473506604515
199.69529358008282,40.17404651924243,24.014561877819308,36.62810875867245
246.08054905935867,14.101728628565324,7.586332810866391,34.31472989689612
168.7842394218414,8.871977188986142,12.887972191064922,29.0677236259049
161.2469206150219,37.53073758204292,12.804583895777244,33.83924313044452
76.34642581563325,40.3417369633632,15.190269351229436,21.09264241089154
32.465316502740265,49.52525710003366,13.882717264941014,23.246365973383288
269.67864859623137,20.630883845571326,64.08747448032146,41.07737015013971
270.62332686318246,18.600904289639157,18.188008439914483,32.188261179411136
191.76492989561405,38.82064803709984,34.56672833238632,39.06850076940791
105.0137883593667,17.040177012650894,89.67884099060119,20.51849863737035
108.01682451073496,46.537866280178235,47.39616402628724,34.61370782832549
219.1569252667206,42.92063759215059,66.75577385210272,50.349069830744796
269.6475266860102,21.44970136875092,17.231987120162984,44.661918580868125
266.6904951582096,37.54355338957487,19.228901880867078,46.59819274076794
235.06328602799903,37.727143704234116,4.086861626647886,40.06061131136148
