name,age,gender,avg_session_time,avg_cart_value,membership_status,location,device_type,total_purchases
Sarah,34,female,34.8530454291013,211.31726935779508,gold,south,tablet,41.008017311274706
John,59,female,37.690826263174245,486.006687106084,regular,west,tablet,83.38556561554255
Emily,44,male,35.0349151855997,31.236911671021037,regular,north,mobile,33.68799254907141
Emily,20,female,25.03565160953653,58.5412904081585,regular,north,mobile,16.33629532126514
Amanda,35,female,51.66411830446634,228.7693935937043,regular,east,tablet,53.29322732143905
Ashley,38,female,22.02986228576193,306.40798667022835,silver,west,desktop,56.34282690207373
Emily,56,female,47.01601501850602,471.267486946648,silver,south,mobile,80.73894820502095
Sarah,18,male,29.666516279855752,401.32692025324076,regular,east,mobile,44.75959990116542
Mike,24,female,49.29816419878401,38.32342525407366,silver,east,mobile,27.841718703149105
Robert,62,female,48.53456097777198,66.626491206887,platinum,west,mobile,48.78356327240512
Amanda,40,female,50.1494992002163,94.0944545321284,silver,east,mobile,43.606403906025925
Chris,33,female,42.997892437674324,402.36829227092085,platinum,west,mobile,61.31824443261803
David,28,female,46.687899505936805,178.76719481122979,regular,west,tablet,39.59019657508534
David,52,male,47.88614905743738,403.4881751558691,silver,south,tablet,68.47254101456652
Jane,58,male,46.324053521038344,22.257562989152202,regular,north,desktop,45.0102104495803
Chris,56,male,26.564397268958743,289.1383109129096,gold,south,tablet,67.30494330279593
Amanda,39,female,15.859272034937929,322.1310547363545,platinum,west,tablet,64.57374163169354
Amanda,52,male,58.3571979810084,267.91143756165474,gold,west,desktop,64.10257294486104
David,50,female,19.097057888389937,414.31349803738493,platinum,south,mobile,69.41151437765669
Jane,60,female,58.92062935763113,200.42093450132174,regular,south,tablet,60.706064433727896
Sarah,62,female,10.620131629678607,311.8096653909026,silver,east,tablet,65.93469517139559
Ashley,53,male,50.483594907062574,75.23715485847794,platinum,east,desktop,41.79131499270518
David,59,female,16.63348899629576,387.9203684626806,regular,east,desktop,71.71714103636172
Ashley,57,female,50.70214822633108,80.83216437677962,platinum,north,tablet,50.79254236252433
Robert,45,male,8.805164258095353,383.2740846229814,gold,north,mobile,47.55518250944146
Emily,28,female,52.668663851975325,172.23994739854015,platinum,north,mobile,35.05800672144337
John,22,female,28.009988518477716,27.030027750581418,gold,north,desktop,17.93394761793499
Emily,35,female,55.8653680519942,235.5349804113982,regular,south,desktop,51.316821093456355
Sarah,21,female,40.32536313427516,363.4839385880135,regular,west,mobile,53.92839335120139
John,55,male,33.39997306280477,452.5691534009138,regular,east,tablet,76.57906226358058
Mike,48,male,36.19823056395363,386.0190192735896,silver,east,tablet,61.778030487044894
Emily,41,female,34.505060088057505,283.6793585790647,regular,west,desktop,52.99726281522224
David,47,female,12.522346522850004,191.29765182433187,regular,south,tablet,44.179059764249956
Jane,56,male,41.9362579147218,287.9865746803785,platinum,west,mobile,73.113819123161
Emily,48,male,14.829440873272143,444.81068237051795,silver,south,tablet,69.34149685478249
Emily,29,female,51.09965224801468,433.941976593786,platinum,west,desktop,70.12221945673383
Emily,20,male,8.459882868782708,24.650060957409288,silver,west,desktop,11.899807025092842
Amanda,47,male,57.49204843134049,343.29197743542335,platinum,east,desktop,73.24823265018577
John,25,female,13.192725812389673,93.50322918700961,gold,west,tablet,25.676603608858134
Jane,27,male,13.551027151986426,405.80620643000736,gold,east,mobile,53.62631515864892
Ashley,41,male,8.854882012400939,425.6061714179933,regular,north,tablet,56.1232153997494
Ashley,18,male,13.239852693658483,434.4836784508242,gold,north,tablet,53.86088960956558
John,35,male,36.569653709482516,159.48485522495204,gold,south,desktop,39.582150491091234
Robert,58,male,24.62971568990215,331.76515089136944,silver,east,tablet,63.19700523706658
Amanda,39,male,56.361199347478,66.3176933953199,platinum,west,tablet,36.08711541685863
Emily,48,female,25.147993853529034,487.7254635747354,silver,east,desktop,91.0418820999067
Mike,44,female,55.93777580765907,216.52223879008068,silver,north,desktop,52.40682054322116
Amanda,33,female,8.221207385210425,281.6077119090929,gold,north,mobile,40.56819258212621
Mike,35,male,17.09669855796263,261.8543785633667,silver,east,tablet,46.199653049393476
John,28,male,51.34729064503532,325.26462575899023,platinum,south,mobile,60.455100325401695
John,35,female,14.002019083282349,57.51589727462773,gold,west,desktop,10.229159488364576
Robert,21,male,19.31388961476561,63.16584333035962,silver,north,tablet,26.84752254190615
Sarah,57,female,25.416956346296317,57.31955926904389,gold,east,mobile,35.918876153218854
Sarah,27,male,37.13091581870623,108.35153437857956,silver,south,tablet,30.4751083900427
Chris,47,female,26.57711116401722,213.29946270453578,gold,east,tablet,49.545305941661496
David,21,female,19.749520437095903,210.44804607439008,gold,west,desktop,27.164189232708633
Robert,25,female,31.78192970445566,169.46020477468312,platinum,west,tablet,31.790058645846926
Jane,34,female,34.25224978428532,388.75339652361953,platinum,west,mobile,75.01832372038339
Robert,52,female,57.93256510348572,425.3510242727712,silver,east,desktop,85.54705233958815
Ashley,22,female,42.17750385361448,64.7835026869754,silver,east,tablet,22.80136122164721
David,44,male,15.569528535887176,81.79718593996766,silver,west,mobile,34.52979267939354
Jane,54,male,46.87316518070396,28.77691853057815,regular,south,tablet,39.52403400437545
Jane,24,male,58.96279727620698,85.29836042934596,regular,south,tablet,31.194326995072284
Amanda,50,female,13.289332910897837,194.57730790103878,platinum,west,mobile,45.087764841625564
Ashley,35,male,13.92384956492705,312.7959324032702,platinum,east,mobile,51.17605364579272
Ashley,55,female,11.307454308586495,250.20072329323096,silver,east,desktop,54.55074941984305
Emily,45,male,20.991880833361208,486.7508922323376,silver,south,desktop,69.80351409352156
Chris,32,female,43.27858201608887,24.957401447067316,regular,west,tablet,35.10242079190986
Amanda,40,female,23.302726557399165,345.3320663499977,platinum,east,desktop,45.43377695610366
Mike,49,male,10.250113855331417,105.48088223583412,silver,east,tablet,33.33780737424402
John,26,female,39.64460283645757,225.38034132591122,silver,south,desktop,40.65618247598506
Emily,47,female,47.63260152847807,370.29927577356057,platinum,north,tablet,69.14155469975084
Sarah,46,female,27.27728196557805,47.70511088242625,platinum,west,desktop,28.74486923826949
Ashley,49,male,41.674932234701124,59.60166343722797,regular,south,desktop,49.028033493555974
Robert,52,female,37.3967117450215,386.89046646280866,gold,north,tablet,69.11935874477226
Robert,35,male,40.40042074769554,215.15587289263388,regular,north,mobile,44.655001059120245
Chris,46,female,28.203517480575325,444.65778881088323,platinum,south,desktop,68.81941343284254
Robert,34,female,31.240471633389674,242.7732143443605,platinum,north,tablet,53.040355217676826
Robert,26,female,49.82222841909968,349.87507413938005,silver,west,tablet,55.45669054751593
Emily,62,female,37.29171026151582,370.71117064897885,silver,east,tablet,74.74154418289793
Robert,25,female,10.185845671870812,261.15499604537706,platinum,south,mobile,37.15582790835562
Robert,30,female,6.6419537498813135,439.4628775496927,gold,west,mobile,57.02355977031776
David,50,male,33.11883898904102,312.33718482684037,silver,north,desktop,61.09025397318343
Robert,38,male,34.95629030082594,98.7414038088022,silver,north,tablet,41.218697855552065
Emily,61,female,49.8892448286873,241.5528458362062,regular,south,mobile,66.40194186191232
Amanda,29,female,45.17402522070337,44.81219390488539,regular,south,mobile,32.19574905076802
Sarah,47,female,17.396060512443157,497.1052465220009,silver,east,mobile,79.76979249530183
Sarah,58,female,48.64783731781331,47.4596282003429,silver,north,mobile,39.865266482146815
John,18,male,39.60135931352589,152.31738499956953,silver,south,tablet,27.177854444157358
Jane,38,male,17.829904040818256,343.59981457938903,silver,north,desktop,60.6214542236265
Sarah,63,male,33.37303662519858,142.82985623759845,platinum,north,mobile,57.06868992851601
Ashley,46,female,18.20152125935303,418.92254533045116,gold,north,desktop,66.47462340601007
Emily,31,male,44.6947578982457,156.7196867192468,regular,south,mobile,40.481265847614104
John,55,male,21.602604744663005,301.1504413801904,regular,west,mobile,57.97220956592543
Sarah,57,female,32.320943298489404,409.966854096307,silver,east,desktop,79.71410617769365
John,22,male,54.40079550375762,410.86000539134557,silver,west,desktop,61.98254819749314
Jane,64,male,59.304876153769534,449.2337862510549,platinum,north,tablet,90.69732055804883
Mike,30,male,57.684425972432294,486.10601927864747,silver,south,tablet,77.70110810792632
Robert,55,female,47.37565181391839,373.3404204596274,regular,north,tablet,69.8003858082518
Mike,22,male,12.491179564599193,302.9187872880619,silver,east,tablet,39.19903325071132
John,59,female,30.737090477932117,405.82367687542813,platinum,north,desktop,79.05523375605205
Emily,54,female,58.25570342184877,132.14947590916688,silver,east,desktop,51.25493393683908
Mike,34,male,24.41552755720642,208.14571190563422,gold,south,mobile,47.75824623057132
John,36,male,13.772310172432766,457.0052328214435,platinum,south,desktop,67.92220581487145
Amanda,55,male,15.522190565235338,494.9845153278419,regular,west,mobile,81.05144817403615
Sarah,48,male,35.21415771349325,484.0069293376842,gold,south,tablet,79.02941199056359
Ashley,64,male,6.193599635702841,196.95603889289293,platinum,north,mobile,51.81184522834764
John,53,male,47.364379222301594,103.95082691984078,silver,east,tablet,41.409388154478236
Mike,18,female,26.591296282121498,157.24252623587742,gold,north,mobile,28.4409551089415
Amanda,27,female,17.284701823582566,44.74975256206051,gold,east,tablet,16.05031926696813
Mike,51,female,21.03781736839758,23.750456860934577,regular,south,desktop,34.51984753950231
Ashley,30,male,49.17292441603073,37.064959079655786,gold,west,tablet,35.300921395005545
Mike,24,male,7.044962812045634,342.3216834858345,silver,north,tablet,58.365850771917
Emily,54,male,47.42264694358242,89.53092771975604,platinum,south,mobile,49.30774046441937
Emily,53,female,46.92633019078565,248.84969396947162,silver,west,desktop,62.29937904035259
Mike,56,female,9.484767050030133,222.08847851591065,platinum,west,mobile,53.35991542818222
Emily,54,male,50.70700139921813,460.2041502908945,silver,south,desktop,94.79721620106689
Robert,48,female,14.462318997552268,470.1165022236823,silver,east,desktop,70.52367655724082
Jane,37,female,12.503780296125829,416.63931502983365,regular,east,tablet,65.36757066308766
Mike,56,female,14.152065789426379,395.3195061044779,silver,east,tablet,69.90265525934915
Ashley,62,male,5.151690491218152,422.0431736392133,regular,north,tablet,71.93731970733883
Jane,53,female,34.34011790963217,466.4499599753775,platinum,south,mobile,74.01272941206605
Robert,32,male,25.29367183792841,291.78226637548164,platinum,north,mobile,49.965205757250985
Chris,47,female,12.87892768073593,234.8528606890437,regular,east,desktop,55.04674959279572
David,35,female,52.78007173377677,421.5096408332439,regular,east,mobile,70.16751604297892
Mike,21,female,32.84109165239683,228.2231733128806,silver,east,tablet,46.19268684259096
Emily,47,male,24.178943788234598,157.06129315591147,platinum,south,mobile,47.23401324007124
John,45,male,34.29963181731519,256.26885441595954,regular,south,mobile,56.551871685975364
John,21,male,49.50665461459493,193.4390952182638,platinum,west,desktop,41.91497937918934
Chris,51,male,14.401414329125746,298.088421872354,gold,west,tablet,54.10614283701189
John,45,male,52.61221352064514,260.5166682839671,gold,west,mobile,49.25931776252346
Chris,54,male,37.19946377062945,276.11022887116735,platinum,east,mobile,65.26048688864842
Emily,39,female,38.854254199173965,39.92410246405736,silver,west,desktop,26.34473703682167
Emily,57,male,37.36981948973764,134.32038233429637,gold,south,desktop,45.64697093310789
David,60,female,17.17255155682981,178.83614658598444,gold,south,desktop,43.86546505688388
David,28,male,15.160619632574326,69.04760352931831,gold,west,tablet,17.497198443135467
David,47,male,31.25437737324384,307.2784357149169,gold,north,desktop,67.20597023518727
Mike,47,male,24.59885041065129,101.15470865313193,regular,north,mobile,37.22997415143564
Emily,42,male,18.245999195222474,89.58776994591082,gold,west,mobile,37.935189129068384
Mike,34,male,36.969811277031724,253.96625528095356,platinum,east,tablet,47.25996888464362
John,18,female,52.090152472527436,229.74328899212043,silver,east,desktop,42.41478045329203
David,54,male,35.62937547176848,325.79665449904485,silver,west,tablet,70.68834077402116
David,52,female,54.858777617454656,485.61489539513417,gold,south,tablet,97.75277965100729
Emily,31,male,44.42372544458529,39.435225000040134,gold,north,tablet,18.394530004508024
David,19,male,54.52405026984911,256.10302298719387,gold,north,tablet,43.94286051313761
Mike,20,female,16.094090007316996,411.2220287246393,platinum,east,desktop,52.79637246919224
David,20,female,37.303512980116736,187.06705222363996,gold,west,tablet,42.083192330476145
Robert,37,male,24.507276210340585,215.94003371199062,gold,west,tablet,41.801756464979725
Emily,30,female,45.90378087533297,73.97174800790555,regular,north,tablet,35.65992447587816
John,48,male,29.743381762374767,273.48065952374714,silver,south,mobile,59.386520626698015
Robert,57,female,27.669963633970106,44.43376887659365,silver,north,desktop,32.853233918360566
Emily,39,female,12.863833044066201,165.03084002163834,regular,west,tablet,37.50106364524893
Chris,31,female,24.500496107432493,340.37520506046695,platinum,west,mobile,51.0938041510375
Ashley,44,female,41.729189493739874,379.9341632470764,platinum,north,desktop,67.8789732128357
David,30,male,32.982491277496734,148.5628816122698,regular,east,tablet,29.237019010987204
John,18,female,33.55225533316094,279.2920060323375,platinum,north,desktop,41.461582712865194
David,19,female,40.649122979589656,271.33119707060155,regular,east,desktop,32.71646624497399
Sarah,54,female,20.17106536383602,370.96908157171987,silver,east,desktop,65.13739878632748
Ashley,28,female,17.14104437619342,207.0006229196337,platinum,north,tablet,38.4737583932922
John,60,female,58.22672188375457,176.90911863659036,platinum,east,tablet,64.49584966012766
Ashley,50,female,12.58072162190502,77.3809545944292,silver,south,desktop,47.15419400946564
Chris,46,female,9.454900159879152,231.62108876869596,gold,west,mobile,44.45063772917235
Sarah,20,male,43.700769014357135,173.81227344586662,platinum,west,desktop,36.148471116419564
Emily,46,male,40.59189268649922,114.05412587309218,regular,east,tablet,34.268608363604876
Jane,19,male,25.403528858795028,98.22890780437235,silver,east,tablet,19.97425798057816
David,31,female,9.223243511636081,178.3214053128945,silver,north,tablet,33.170063822329126
John,37,male,20.374146885834783,399.9279173640284,gold,west,tablet,59.11936570339727
Robert,35,female,8.422351349116731,396.6275580014192,platinum,west,desktop,64.21155909636667
Ashley,54,female,59.401671799076276,489.7426223798193,gold,north,mobile,93.5591676570372
Chris,25,male,43.24740442949444,221.44871517996387,silver,east,desktop,37.66833467229066
Sarah,24,female,28.75412050964576,445.8398486903112,regular,east,tablet,67.9473661566408
Amanda,27,female,55.58514852173545,468.1647008053412,platinum,east,desktop,68.16621794821589
David,33,male,36.09951634415294,193.92799078466078,platinum,west,mobile,33.71389631439671
David,36,female,44.12012348571211,254.45462362492947,gold,south,mobile,57.0602783263843
Ashley,47,male,32.872335940183106,182.9612806344895,silver,north,desktop,41.11768008422504
Mike,60,female,50.45628734458512,71.56376897562858,gold,west,mobile,38.26047107113625
David,36,female,59.034557133541696,213.01790176456822,regular,south,desktop,56.65199124648399
Chris,20,male,27.667032341069273,482.41972119297753,silver,north,desktop,60.7453777636701
Chris,47,female,13.101353047966871,414.7111272956489,platinum,west,mobile,67.4990675267072
Ashley,35,male,27.101448485156673,385.6806322003152,regular,north,tablet,53.17565057772232
Jane,53,female,48.87415546689712,68.44464290901868,gold,south,desktop,45.05331441726438
Chris,37,male,5.010269266288002,25.180161444403915,regular,south,mobile,23.182214409771646
David,34,male,57.50271301660972,87.18419342282006,regular,north,desktop,33.862958324892574
David,41,female,41.438296099562294,206.6666619768028,gold,north,mobile,47.14202615111961
Emily,30,male,22.085631098760437,462.12114749731137,regular,west,mobile,55.88318171288027
Mike,53,female,31.94017537321304,84.01292870488591,silver,west,desktop,41.328244250435816
Emily,63,female,19.52400090261458,294.79194122088876,platinum,south,desktop,67.28331866243849
Chris,20,female,28.97622063465613,277.1842441760238,gold,west,desktop,39.357292841393686
Emily,38,male,40.10205050173969,97.21025223185266,regular,south,tablet,41.92440683844022
Chris,21,male,42.074250894507415,400.48418346226725,regular,north,tablet,48.370956100991854
Sarah,35,female,22.75253390241908,36.73441240378702,gold,south,desktop,27.939328181183487
Amanda,62,female,6.263143203235636,57.79266693135669,regular,east,mobile,42.96527145596769
John,56,female,25.745687628004923,425.9895726421658,silver,north,desktop,83.45838207383733
David,60,female,25.645789869148523,186.1190375417652,platinum,west,mobile,57.85997997917889
Robert,28,female,27.661343057088,492.35836971267173,gold,south,mobile,60.32059148784894
Chris,55,male,58.11490102454024,133.4585307319177,platinum,east,desktop,58.41794093138371
Sarah,60,female,58.35533365905624,452.2298583158741,silver,north,desktop,85.00767660700055
David,58,female,13.179277307073777,295.4318315182887,silver,west,desktop,61.17172498871623
Mike,45,male,55.23879354793873,208.82487683159272,platinum,north,desktop,48.440623258653154
Emily,22,female,58.815280401183045,389.2916931120649,silver,south,tablet,64.45412213002798
Ashley,40,female,19.115612869376026,423.1279419234789,gold,east,desktop,57.74308715166015
Amanda,55,male,45.7563145107511,170.05178081351067,gold,south,desktop,56.369269594215105
Sarah,53,female,14.650016743780384,248.90749447270358,silver,south,mobile,62.609758503653964
Emily,48,female,30.958110132009704,344.3247931288983,gold,east,tablet,62.05752416018351
Robert,25,female,38.39625288773908,355.0819104715045,silver,south,mobile,55.61984933669861
Sarah,42,male,14.877366411663427,164.1637674322145,silver,west,mobile,36.6775711387824
Emily,42,male,35.09512514368304,64.49809858026657,regular,north,mobile,30.88299641512984
Emily,33,female,45.63572124661071,207.73040746909697,platinum,west,desktop,49.34931531249828
Amanda,28,female,41.70797681663504,185.45853914601733,platinum,east,tablet,40.744167958896604
Ashley,37,male,39.6910571915659,63.01629862976423,silver,west,mobile,31.859249339452248
Ashley,31,male,11.623773321096767,208.73054170624212,gold,south,mobile,44.99816846009409
Ashley,57,female,57.60142327395825,294.15520152538903,silver,south,tablet,70.99720162148883
Amanda,55,male,12.750437255395166,498.2419042916283,silver,south,mobile,83.15781918168913
Emily,57,male,38.67309048637958,383.36422793413584,regular,west,desktop,67.38478425944271
Mike,36,female,12.12422705874144,178.68389700294375,platinum,north,mobile,38.19309610313606
Emily,25,male,34.683683658457724,219.57611384659708,silver,west,desktop,45.69189720664666
Ashley,42,male,52.7088496517468,76.71579412176726,silver,north,tablet,37.10130267743764
Amanda,50,female,39.66569873444697,406.2488061418733,regular,east,desktop,75.37765687619365
Amanda,62,female,54.9722677454298,291.58840940866367,regular,east,tablet,67.12804671893757
Sarah,57,female,41.2199346787473,247.1324291115511,platinum,north,tablet,63.930686894096965
Jane,58,male,30.04698346220168,238.25832283472354,gold,east,desktop,59.103490251168644
Mike,54,male,30.6774247234651,131.6274675502022,platinum,west,mobile,40.81177345768821
Mike,60,female,16.64006311715324,151.44278694168332,silver,west,mobile,42.83766463711838
David,34,female,57.46235654546144,175.31322100996493,silver,north,mobile,42.2059988236508
Jane,44,male,22.100929702393472,20.855368040490276,regular,north,mobile,29.549955815490407
Sarah,58,female,26.997023382825876,279.9048008953197,gold,west,mobile,61.83480390548908
David,34,female,6.638424893443098,495.158039511353,silver,west,desktop,60.46847268271768
Robert,64,female,26.340336090376457,177.54430860692136,platinum,south,tablet,58.502446235081045
John,50,female,11.418816630827148,249.28582700967954,platinum,east,mobile,46.865375851747395
Mike,48,female,15.528404722380255,442.31531703327363,silver,south,tablet,75.33570199154597
Sarah,38,male,48.42460680538605,276.5758910628689,regular,north,mobile,59.358088642754446
Sarah,41,male,30.970453543623744,305.7075668031204,regular,east,mobile,63.19089657039106
John,33,female,51.075649392419884,191.91528684829274,regular,south,mobile,39.123096756018995
David,62,female,22.756689803136922,248.19323506550163,silver,west,desktop,71.61568419904006
Jane,37,male,26.07578551923508,268.976229171685,silver,north,tablet,53.099142137903804
Jane,52,male,50.76740240967524,385.9571716617673,gold,west,desktop,67.23117217632374
John,45,male,8.719734294422103,439.025920819707,regular,north,tablet,70.64344983503295
Emily,63,male,50.12323485929473,338.5483077789337,regular,west,mobile,76.95358546587865
David,52,female,16.296447669202053,235.93640071473038,platinum,west,mobile,45.25210440660922
David,35,female,41.02117101826385,425.50315249237207,regular,west,mobile,71.49041428839057
Robert,41,female,34.307822261408845,127.04072682046034,silver,south,desktop,46.00764225120081
Robert,45,female,48.41070191010423,188.63739944172374,gold,west,tablet,46.65999736148668
John,31,female,47.157383044167936,158.3989663093278,gold,south,tablet,38.6053047584575
Ashley,41,female,36.647220489617006,224.93233223473678,regular,south,tablet,47.044700845090034
Emily,48,male,36.93791142613296,377.34730885745125,silver,east,desktop,60.62133913650706
Amanda,23,female,45.389856510521994,100.48343176456781,regular,west,tablet,23.847638347924597
Emily,57,female,38.58097849941298,444.7416066094811,regular,east,tablet,77.3692561340596
Mike,51,female,35.744539992664286,288.508044530231,gold,south,desktop,64.21469299339518
Jane,52,female,32.37324442145395,222.66321495742795,gold,south,desktop,60.51229397112227
Jane,46,male,57.66303930791184,82.99948465820106,silver,north,tablet,40.542594264947816
Mike,19,male,17.168197048844902,314.59715692886226,platinum,east,tablet,40.65255872610054
Jane,22,male,29.040183511822473,172.4584064767171,platinum,south,desktop,36.48087742251252
Robert,39,male,28.03330670140842,370.7459906374304,regular,east,desktop,56.76915572227261
Mike,26,female,37.26060229340247,488.59060404711516,regular,east,desktop,66.98936074006492
Sarah,51,female,42.608061003475406,109.44409654290484,silver,east,desktop,45.13738937208705
Sarah,53,male,17.25241075489302,37.68453871826972,regular,north,desktop,29.097293981993467
Sarah,53,male,35.902168930098696,117.26843744501187,silver,west,desktop,45.769492035019645
Mike,43,male,55.62138376955694,291.0391290519274,platinum,south,mobile,51.17753184469892
Sarah,23,male,17.889090129360984,82.89007492749815,silver,south,tablet,31.610252156343595
Amanda,19,female,11.09421841154732,198.10158026597506,silver,west,tablet,38.267134637522126
Amanda,53,female,20.357782801119043,113.49358354592427,gold,south,tablet,43.60434591685945
Chris,25,male,35.40074049331214,369.6393456479157,regular,north,desktop,67.07492307544851
Jane,19,female,29.88648157054685,21.5560926277821,platinum,north,mobile,16.007729553156867
Chris,19,male,29.221214869514046,39.272159648869014,gold,west,tablet,17.591719560011178
Amanda,25,male,40.98092105673414,371.2037058950457,platinum,west,mobile,60.20016441447379
Mike,43,male,55.40669693105695,484.92335061157706,gold,west,mobile,80.85855799008648
Emily,54,female,15.22244589709698,303.45334233871455,silver,north,desktop,57.107029544761744
Jane,31,male,24.171549878756487,55.583983402997426,silver,south,tablet,21.59554746663957
Ashley,62,female,26.18407575245239,402.76014268954964,regular,east,mobile,77.51230804058771
Sarah,45,female,13.435369090445073,32.88232579770277,platinum,north,desktop,23.06459434758477
Ashley,50,female,53.977761509475066,115.99520109539807,silver,east,tablet,51.37928856377128
Ashley,61,female,56.28438793176242,247.579756716218,platinum,north,desktop,65.61145629997608
Mike,37,male,59.956440010342426,307.2878965014798,regular,north,mobile,62.27281861952025
John,52,female,18.04644347500195,213.12356375813687,regular,west,tablet,59.7459504868286
Ashley,63,female,8.946354636161391,326.40209956418806,regular,north,tablet,72.25799019425601
Jane,54,male,13.160546529183128,270.71701614016297,regular,south,tablet,60.36432309664107
Ashley,34,male,50.147610731781434,455.5007435010404,regular,north,tablet,71.59976795442417
John,60,male,56.13229991653109,499.724687928348,platinum,south,tablet,99.31735939674805
Chris,61,female,24.574394216115778,370.49300298190576,silver,north,desktop,67.58581863197242
John,21,female,57.93728940355569,61.84111807152494,gold,north,tablet,24.34092075124745
Robert,26,male,48.832337608896694,178.34630686549042,regular,east,desktop,46.61589966620229
David,37,female,24.442099485303764,270.413203764714,gold,north,tablet,44.41616476910818
Robert,64,female,51.802410337200754,145.88404788893445,regular,north,mobile,50.12352779715638
Emily,18,male,40.25531349169492,439.3878806132183,gold,east,desktop,70.41766356403967
Emily,38,female,29.55659705390085,114.30753457842127,gold,north,mobile,35.14461050873941
David,50,male,29.85590707735877,118.14403353418355,regular,west,desktop,52.09828720749144
David,52,male,57.91658722008483,454.3844678904359,silver,south,tablet,76.68919564137028
Amanda,61,male,21.116256005675424,341.28469880473887,platinum,west,tablet,60.67741583758881
John,23,female,41.83321574867689,316.0132413265845,silver,north,desktop,60.07390783326771
Emily,39,female,49.231560216734586,359.2415473602779,silver,south,tablet,61.26199043410101
David,42,female,26.19608988103415,123.38645434474799,platinum,north,desktop,34.535229438302956
Amanda,20,female,30.53595071858131,301.4556539389387,silver,south,desktop,46.66186500956617
Amanda,25,male,40.32492533117238,350.8953490942409,platinum,north,tablet,53.62773998934273
Jane,62,male,37.327967442659,143.0360925420681,gold,east,tablet,57.724359177759865
David,29,female,45.32742295407075,423.33061093438283,regular,north,tablet,63.72259893592381
Robert,46,male,52.060558678911,286.1200860153456,regular,south,desktop,66.54301696160674
Amanda,49,male,34.7958824990454,261.14226689404995,platinum,north,mobile,61.101748823415654
John,19,female,57.76807759133405,433.5060085096841,silver,north,desktop,62.48845606800422
Robert,34,female,20.46245747100786,109.92418751664385,platinum,north,desktop,27.277175629898107
Ashley,36,male,8.67162392584584,29.235411821455806,regular,west,tablet,22.46083038075737
John,32,female,26.139455275966245,389.85864423756266,regular,south,tablet,57.703945240502385
Chris,39,male,58.02511185517788,126.26823496701539,regular,south,tablet,46.83410213599828
Robert,23,female,47.016335048560684,74.4475300218738,gold,north,mobile,25.635948462254596
Mike,51,male,15.829059443282748,141.6002366205669,regular,north,mobile,31.119728902770227
Robert,60,male,58.883810037918074,95.56229819027551,platinum,north,desktop,52.57697803530202
Chris,20,female,43.63295371391309,147.2288143172916,regular,east,desktop,39.3053135342563
Emily,45,male,48.95797593384369,62.72487229769942,silver,east,desktop,28.26181464901784
Emily,58,male,7.9628007303178805,251.00816234033837,gold,west,mobile,59.89525255870823
Amanda,37,female,44.74615784246465,353.1907452817147,platinum,north,mobile,61.376336635112295
David,33,female,31.599446818010236,455.05903373192683,gold,north,desktop,58.844228393453704
Sarah,25,female,48.720947471210785,377.8025839705392,regular,west,desktop,55.70085411952486
John,62,female,44.38317417703072,72.18490467928669,platinum,west,tablet,40.27114345582295
David,47,male,14.703031877747971,276.87230401246904,platinum,north,mobile,59.544174814824345
Sarah,53,male,55.52960266528603,58.07463088899542,regular,north,desktop,42.08644659184644
Robert,51,male,36.77385545684274,294.9338072327108,gold,east,desktop,71.01540956996146
Amanda,34,male,26.21493607532598,273.60813329320393,regular,south,mobile,50.51742773983645
Robert,42,male,17.523851844536765,23.128384213151563,regular,south,tablet,23.91965101803597
Jane,23,female,48.09465573722415,381.8303743883362,silver,south,tablet,48.713466414862125
Emily,60,male,58.388631492766606,327.88402611647905,gold,west,mobile,73.20815471875733
Emily,37,male,45.45362055005698,237.80242674975523,silver,north,desktop,53.576428287694036
Ashley,35,female,38.54249883547711,461.1040201261378,silver,west,mobile,70.46722697118852
Mike,63,male,57.26849154243847,237.25029255586125,silver,west,desktop,59.813955382793964
Sarah,50,female,44.13643800818833,241.32950425769502,gold,east,mobile,53.27241504228689
Mike,40,female,30.105995631250355,98.09421098199392,platinum,south,tablet,36.88245645267012
Emily,51,female,22.69096127940885,339.1545106065051,regular,west,desktop,61.80664565139814
Sarah,56,male,15.378795143292486,100.88601491879503,silver,east,desktop,37.20878420003723
Amanda,27,female,53.05244126310499,168.62603086110244,regular,north,tablet,41.936882773824976
Mike,23,female,44.75890707295129,355.6117798908955,silver,north,tablet,58.69701490903697
Amanda,30,female,58.79434024677426,166.90780253493858,regular,west,tablet,45.56942218148179
Jane,60,male,9.136185940995475,309.3543394818491,silver,south,desktop,55.592166110632455
Chris,34,male,22.30982320668091,488.82132782823305,regular,west,tablet,71.4563861832948
Sarah,35,female,27.355439812371326,40.6967576284361,platinum,north,tablet,36.85181399398824
John,22,female,57.939829337550414,209.21978750990382,regular,south,desktop,39.13476905733505
John,43,male,37.493262111113864,451.8727338384228,platinum,east,tablet,73.46417796322687
Emily,32,male,42.404608122696125,303.13669902802474,silver,north,mobile,63.17052257750133
Jane,63,male,19.897430277156424,472.0520465880347,platinum,south,mobile,89.28631903071744
Ashley,35,male,19.161856858907782,476.2232073611301,regular,south,mobile,63.05658565854193
Ashley,47,male,23.852444394743046,417.16556197944726,platinum,west,tablet,65.55414169797068
Chris,24,female,9.619832100298652,187.0012830280945,silver,north,desktop,36.95037455465401
Chris,46,female,56.673357620574066,32.82613727273418,silver,west,tablet,37.213712404486536
Amanda,28,male,27.283858248531494,477.82681233074806,gold,west,mobile,66.97800900843205
David,23,female,16.027588957062875,117.95868153182928,silver,east,tablet,25.026135891155324
David,54,male,23.909771945535848,136.43925051799738,regular,east,tablet,54.724537349340984
Amanda,54,male,15.768397072804184,339.63420306891965,regular,east,desktop,58.095440744267464
John,38,female,19.071160308484096,357.0475882336008,gold,west,mobile,57.21164139178772
David,40,male,46.6677781807811,480.32881470882353,gold,north,mobile,83.01989919003526
Chris,28,male,18.09121248769614,305.7279322814015,silver,west,mobile,45.104344202543466
David,61,female,43.43638872290886,231.35837868032436,regular,north,tablet,55.547300809761616
Ashley,48,male,37.63510357110823,79.70303898726547,gold,east,mobile,46.35518075584164
David,32,female,12.979559175961336,431.55696309218814,regular,north,tablet,54.18468694486516
Emily,19,male,47.0039737231276,41.24713058743673,gold,west,mobile,24.442912114693527
Chris,58,female,51.90798720489464,429.0699752302506,regular,east,desktop,80.95169213075997
Jane,25,female,57.579310194747784,181.43070107204838,regular,south,mobile,47.547398707579724
Amanda,23,female,57.744964218246686,455.85408387310434,gold,west,mobile,73.90198991632134
Robert,33,male,43.8503938619259,428.2989596036706,regular,south,desktop,68.07674898776828
Ashley,59,female,21.02394964548434,355.4838852331112,silver,east,tablet,67.39990889351309
Mike,50,female,7.085141755296789,30.243863986722417,silver,west,mobile,24.006141476766516
John,41,female,26.46267304958188,351.99948736276815,regular,north,mobile,63.777644452127014
David,32,male,45.321963459832915,289.6759729997166,silver,east,desktop,55.62328579161181
Mike,52,male,56.73512371466487,141.0479682654869,platinum,west,desktop,56.20405154494325
Amanda,47,female,11.244719932470428,296.8974972135335,regular,north,tablet,58.39879707554087
David,43,female,34.823306712632956,427.7810224457091,platinum,south,desktop,65.29681703114113
Robert,22,male,31.112554481016783,121.11277962870837,platinum,south,mobile,37.71402434963066
Robert,18,male,7.5150567382824,183.0312064807322,silver,north,mobile,27.46770533610766
Jane,44,male,40.78725810702839,62.38919455947331,platinum,east,tablet,32.57531673303409
Amanda,38,male,52.99188309532064,393.6194979036233,gold,north,desktop,65.16185424129236
Chris,23,female,30.40189336536818,67.68467462459198,regular,east,tablet,13.895280061700417
Ashley,42,male,33.77961474173078,457.75542612551817,regular,east,desktop,76.84623396413365
Robert,35,male,14.778442798223754,265.21066885313155,platinum,south,mobile,43.863852076991456
Jane,22,male,11.661516931560115,151.1611020183431,silver,west,mobile,27.821757618933702
Sarah,50,male,38.761631387233436,53.61269482842994,platinum,east,tablet,41.15855934789794
Ashley,35,male,44.40255686734134,412.53956375968426,platinum,south,desktop,63.40474966974585
Amanda,26,female,20.812685508501232,208.29853611410027,gold,south,mobile,36.54993770226742
Jane,27,male,32.46977785900417,444.71799813453407,platinum,north,mobile,65.53894454771414
Emily,54,female,57.69326633619667,365.86475622898485,platinum,west,desktop,73.93373560290813
Sarah,49,female,6.832794848563727,60.39406977536334,regular,west,tablet,28.98942199315695
Amanda,48,male,17.969737905857382,390.6199965445045,gold,west,tablet,64.86369874466827
Emily,27,female,10.667928952219778,414.8625181673887,regular,west,tablet,55.46249738829584
Chris,62,male,50.209583791381355,68.088853331853,silver,west,tablet,52.283063246033905
Chris,53,female,59.5733900025766,341.7192190858907,silver,south,tablet,73.84097758248669
Amanda,50,male,13.785095364872102,126.07089650539123,platinum,west,mobile,36.52574774176157
Ashley,32,male,46.35454966943852,180.96882973449357,gold,south,desktop,48.563561035543046
Jane,41,male,20.805843618840782,87.3952864409041,platinum,west,tablet,21.139407816982924
Ashley,50,male,23.080955811601708,41.02292677015578,platinum,west,mobile,44.82183173447841
Chris,46,male,56.14164519606507,431.6031025411399,silver,south,tablet,77.16599883764027
John,61,female,44.18877254615273,467.7835702288224,gold,west,tablet,81.2210476736447
Emily,51,female,49.664097697306325,366.4508479473234,silver,east,mobile,76.93460133009542
David,64,female,30.011879067511124,98.90096529752513,platinum,north,tablet,54.860899569354636
Robert,62,female,22.999447307059587,20.4382013796174,gold,east,desktop,38.93872144863422
Jane,26,male,12.606871048104463,194.46423278853914,platinum,south,tablet,38.48533556050406
Robert,55,male,39.395799886512584,281.750717227943,platinum,west,mobile,61.89838099449237
Sarah,20,male,42.39092905111373,220.14245812346894,silver,east,desktop,41.152274667616446
John,35,male,56.17185860007842,340.4283261591933,gold,west,mobile,56.39512271923952
Emily,33,male,11.88346659732625,153.61442866862976,silver,south,tablet,30.666882959164464
Jane,21,female,45.53832453832483,159.17726851484423,gold,north,desktop,28.61482034351846
Robert,39,male,35.05970089758746,22.90905605352604,platinum,south,mobile,36.21231282106088
Robert,47,female,30.153155872356173,327.9283026491747,platinum,west,tablet,59.796964211871476
Robert,55,female,46.410510896407125,426.07225926153785,regular,south,mobile,74.24642316207546
John,40,female,38.400153337823255,459.79666137021866,gold,south,tablet,70.47244778830688
John,36,female,10.651494403282545,301.8351266463216,platinum,west,desktop,54.1063377773781
David,25,male,28.053601903784156,111.99350466477485,silver,east,tablet,28.031043791427503
Robert,44,male,59.761860649973784,216.95432295372356,silver,south,desktop,52.40749159962147
Chris,22,female,47.21553732485798,191.6884882662365,regular,south,mobile,31.04792577305795
Ashley,63,female,46.94192079974973,47.49991020952797,silver,west,desktop,39.54845382817489
Emily,43,male,55.721337460236505,26.759690865523158,regular,south,mobile,34.27735278466383
Emily,44,female,45.11620075205011,169.06002521490268,gold,south,tablet,47.7804837566967
Mike,37,female,51.63915795327479,360.4637541596847,silver,south,tablet,56.752561061445164
Jane,32,male,27.05958777391248,332.4495208371305,regular,south,desktop,48.506613886185335
Mike,36,female,27.00795624245348,387.32700025603395,platinum,east,tablet,65.47724543947675
Jane,50,female,57.636750398364185,440.1130030891265,regular,west,mobile,81.86884093291941
Emily,45,female,46.66215020744729,475.42844548298524,silver,north,tablet,80.3161032593845
Robert,54,female,30.922349910877752,403.09857144836633,regular,north,tablet,71.46781505104184
Jane,56,female,31.92781466887324,39.47269466806978,regular,north,mobile,36.34195533931636
Jane,38,male,5.912491385223328,484.9273332189208,gold,north,desktop,68.59264652287432
John,62,male,17.635347394567255,171.06934343429822,gold,east,tablet,52.13312690052639
Amanda,21,male,30.921620345358374,444.2224742397967,gold,south,tablet,68.29003703802594
David,36,male,21.15893066989214,84.51801494064031,regular,south,tablet,28.29706360571094
Robert,31,male,58.99988472801754,334.73326419679273,silver,east,tablet,66.81124865252235
Emily,49,male,11.3537221174395,174.2070721957778,gold,west,tablet,38.22514069549459
Sarah,51,female,32.80568983451161,401.1633642474248,silver,north,desktop,74.72618572838596
Chris,36,male,5.5451929451572095,81.69960040039501,gold,east,desktop,23.99860071026747
Emily,30,male,19.98851129968166,263.81400592615375,regular,east,mobile,39.8153391136288
Mike,45,male,17.3436977101481,491.3882620788117,gold,west,desktop,83.69722606886502
Ashley,57,male,38.279912885628406,368.2997780281975,silver,west,mobile,73.50206077322527
David,52,male,53.797042008511625,81.00576690684437,regular,north,desktop,49.60266356892592
Jane,25,male,36.15439234561471,335.94429390754686,platinum,east,mobile,55.442881598432756
Robert,48,male,40.425639955719554,342.2704048464389,platinum,south,mobile,69.9495958288716
John,63,female,20.395786016427486,416.3750410315791,silver,east,tablet,75.9784653830549
David,34,male,21.9876568838221,162.4312678106318,regular,north,mobile,31.84707743648229
Emily,19,male,32.445288353428026,90.47375609153696,silver,north,tablet,28.709971324170226
Ashley,42,male,36.270781491152306,426.4229721789724,gold,north,mobile,64.10205338538033
Sarah,34,male,35.0480906366079,195.1315102840596,regular,west,mobile,46.31408230904964
Sarah,63,female,19.302549061371884,230.85198739176906,silver,east,tablet,50.44449107882661
Jane,45,female,13.028536475144078,480.71703170124954,regular,west,desktop,83.00169327793063
Amanda,55,female,25.260480018473228,240.07575784791158,silver,north,desktop,53.75925762358504
David,42,male,48.126571482649865,59.17466626148256,silver,south,desktop,24.27835918296117
Chris,30,male,37.78731608557283,337.29342850777834,regular,north,tablet,54.50946077672767
Robert,22,male,15.003017188918868,364.0538768129421,platinum,south,tablet,44.09128154426366
Amanda,64,male,17.826975698485768,244.2941150310364,gold,east,desktop,59.15889652465733
Emily,58,male,54.730572506571306,357.4472732737727,platinum,north,tablet,79.38683091174279
Sarah,32,male,26.790331606735077,210.1209001948012,regular,north,tablet,43.04460743807272
Emily,28,male,51.95354922832649,452.310498194821,gold,south,desktop,60.87361199469786
Chris,45,female,58.76091036027354,389.8863595580161,silver,east,desktop,72.0993989385418
Robert,32,female,24.682701458781835,154.06873694364933,platinum,south,desktop,34.16076927738149
Amanda,56,female,5.710472552018605,246.63281618702345,regular,east,desktop,56.52431361518474
Emily,31,female,45.02838128256088,366.65587167307643,platinum,south,desktop,66.60505911686924
John,22,male,31.699097443400838,276.4038800088092,regular,south,desktop,44.96517849748093
Sarah,40,female,53.808199896563835,269.5711007486917,gold,west,tablet,55.17744661463475
Ashley,33,female,14.307599971279606,424.4185058013452,platinum,north,tablet,59.054914357322524
Emily,47,female,18.378615261694094,333.2975033001488,gold,south,mobile,61.667239141897056
Amanda,32,female,30.940295467249857,471.4261127250907,regular,east,tablet,67.87197347644002
Sarah,60,female,12.467668451007153,150.36135305861765,regular,south,mobile,35.24911232583097
Sarah,43,male,24.818369912444567,67.87172625201849,silver,east,desktop,35.71647004520616
David,29,female,5.856004860201684,109.27187610925853,regular,south,mobile,21.942808536175857
John,49,female,49.097923693192,111.11729292813843,platinum,west,desktop,42.79558357272514
David,45,female,10.538724487020536,286.015403353435,regular,west,mobile,49.56110886705301
Emily,40,female,37.77218690054157,265.72189221497877,regular,west,tablet,53.504178669804006
Chris,64,male,19.422722216308333,305.12946955489497,silver,north,desktop,67.12545752346202
Ashley,61,male,6.650823419027966,116.50713375015236,gold,south,desktop,46.690343091268275
Emily,38,male,11.033233408692762,134.85602346566176,regular,east,tablet,45.44060791248543
Mike,20,female,43.456834233068236,47.33901042209798,regular,west,mobile,19.70822554434279
Amanda,43,female,54.0084272895121,32.15433819958568,silver,east,tablet,40.37738543505276
John,18,female,8.007276209130822,190.61646188909873,platinum,north,tablet,35.61989517570258
Emily,49,male,20.47901543174233,378.23098271379814,regular,east,desktop,70.04966566288498
John,64,male,26.913743834066324,356.0534837435676,gold,west,desktop,66.42906907319005
Emily,24,male,58.82754418387628,339.3491692185388,silver,west,mobile,58.78407190391854
Chris,36,male,29.346737116257035,30.30579512905227,platinum,north,tablet,38.09816566015016
Jane,40,female,50.36734820906875,475.28970286487737,silver,south,desktop,76.2728516672008
Ashley,64,male,20.4615931836814,183.39078382517502,regular,east,desktop,52.87222458373629
Mike,43,male,30.749333914010727,228.37158690942817,regular,north,mobile,58.19435303240547
Ashley,31,female,50.422390217356934,404.60156782265204,gold,south,mobile,69.90345692466546
Robert,30,male,47.278064933165844,63.93420590711024,silver,south,mobile,34.28025118325764
Ashley,55,male,18.12113141474673,104.88924150427643,silver,north,tablet,34.37161349386973
Jane,37,male,18.899461827657408,176.29373734898908,silver,north,mobile,38.724176452619
Emily,49,male,35.16601418228112,424.82521540500375,platinum,south,tablet,79.25673700108716
Mike,46,male,56.590825263872475,349.17549097308074,silver,south,tablet,79.43469862700786
Robert,37,male,11.596036588679151,192.02931066643245,silver,north,tablet,35.99205202143327
Ashley,58,female,47.463409341783894,468.01558153741934,platinum,north,desktop,84.698188102308
Amanda,58,female,45.56802996467165,396.1766488392268,gold,south,mobile,78.38219556096941
Robert,43,female,51.79266059779556,25.014730154188598,gold,west,tablet,41.295814308913776
Ashley,47,female,53.90602022647201,236.1394237848686,gold,south,desktop,63.863561122304574
Robert,46,female,53.58840011903377,224.03344669465181,silver,east,tablet,54.19648913412376
Jane,60,female,54.550374423176386,133.08796645047275,platinum,east,mobile,50.55920806699196
Mike,28,female,58.93876620881103,155.2416622691915,platinum,north,mobile,36.617157451908156
Amanda,38,male,23.283624742743008,347.7664933960352,gold,west,tablet,51.545538438689185
Mike,35,male,56.09562307721427,135.41529007114528,silver,north,mobile,49.951967340754464
Emily,18,male,57.1158171314506,375.35866368078905,gold,west,desktop,52.15114087790252
Ashley,57,male,40.65002531912155,245.31536300299152,regular,south,desktop,56.6017442270559
Amanda,56,male,41.552490923920544,58.233628729163854,regular,west,mobile,49.6342327837048
Chris,52,male,24.720720505538424,215.1359387353008,silver,south,tablet,51.55895923400707
Chris,19,male,45.991715916659324,399.92755528010815,gold,north,tablet,60.94026708391058
Mike,40,female,38.14085200443781,82.04365731276611,regular,north,tablet,38.426396334571564
Emily,63,male,48.24754374493589,261.2890830843745,platinum,north,desktop,66.4413909676755
Chris,40,female,13.44324831652433,109.43293532971423,silver,north,mobile,34.8862033994748
John,57,male,49.80259621677508,464.65219949932464,regular,south,desktop,92.94336885145862
David,46,female,44.78598901793687,283.28160294929575,regular,west,mobile,60.862716127956155
John,19,male,35.026991827135745,99.3274003308955,platinum,east,mobile,39.919507532763795
Amanda,39,female,19.28440826730003,288.3430749921015,silver,east,desktop,58.689366893444245
Chris,20,male,10.3720812737525,480.12384058750285,regular,north,desktop,49.830276832072514
Sarah,50,female,31.665832429866615,418.2877014917891,regular,north,mobile,79.16038385450624
Ashley,24,male,12.95418574909962,183.25127811606086,silver,east,tablet,37.72805856713518
Chris,56,male,46.89752419424104,376.9302198741944,silver,south,mobile,69.25298220079337
Sarah,53,male,55.850741324643145,349.49485958866654,silver,south,desktop,70.69345002129289
Mike,54,female,50.11767169386453,379.16761901580037,platinum,west,mobile,73.16295796040477
Amanda,41,male,23.175240020836988,252.07266078322857,regular,west,mobile,46.48178673765218
Jane,36,male,13.030239175007031,461.1285254741439,gold,north,mobile,63.151983436770195
Ashley,56,female,5.435228930927892,198.8346902930554,silver,north,desktop,56.52622523146434
Mike,43,female,41.501197251027335,482.0192459651708,gold,east,tablet,70.69615972492637
Mike,64,female,15.318664356594093,78.76476595201653,platinum,west,tablet,45.976324853032395
Sarah,33,male,44.41048782906462,467.59288844416733,gold,north,tablet,72.30208620380856
Chris,45,female,36.64880479748405,385.9021024409365,regular,east,desktop,71.27180597225447
Robert,39,male,30.85096156204618,478.497447246991,platinum,south,desktop,82.1749272150397
Mike,19,female,47.21465828906247,285.7440942303207,platinum,west,tablet,51.6565209534579
Mike,27,female,58.95864226171986,469.6078547367223,silver,north,mobile,78.20672707442614
Jane,35,female,12.07267797120344,101.4129004132218,regular,west,mobile,31.863716023460604
John,29,female,35.27852784401885,34.35068819076059,silver,west,desktop,32.00613387571845
Ashley,18,male,22.227258692337564,356.3194639616948,silver,east,desktop,43.68788446232688
John,21,female,6.5375459126194135,434.47574821860235,gold,north,mobile,61.74034070643524
Mike,54,male,6.614044680572368,450.5076497221665,regular,west,desktop,77.36107186286713
David,38,male,36.769210252437944,49.506318933530906,gold,west,desktop,23.928078634250603
Emily,37,female,9.560349376201366,189.5515814796929,regular,north,mobile,38.09903076617487
John,23,female,7.416054425528421,233.26624040764054,gold,west,tablet,36.00472121054559
David,38,female,14.508319355079825,464.58759895229946,silver,east,mobile,63.9960344545641
David,22,male,30.292557409015107,160.610405680648,silver,west,tablet,36.23068700316287
Jane,59,male,32.54222127136717,350.42034453662393,silver,north,tablet,72.11000391371812
John,34,female,55.33965858567477,125.5467979254356,regular,east,tablet,50.827992346423535
Sarah,34,female,28.081805134529173,314.108849542412,silver,west,mobile,56.08927821056153
David,23,female,10.927834774850108,74.29921784424258,regular,north,desktop,25.972789001873124
Mike,50,male,17.700375846106645,382.1823966432986,gold,north,mobile,69.85508486972434
Emily,40,female,56.99747774260508,41.383726234128574,gold,north,mobile,30.930176318532766
Sarah,21,female,37.733362100287536,499.2047299540906,gold,west,desktop,65.0188226238521
Emily,26,male,24.543843888415708,404.6744246593255,silver,east,mobile,59.58351781885212
David,46,female,54.09913348558246,314.0943934425404,regular,west,desktop,68.92028564088683
Chris,59,male,21.5315813376001,388.8802033419083,silver,north,desktop,65.58194687337594
Robert,28,female,53.46020850570372,21.452718900819594,silver,south,tablet,33.04822325166221
Chris,56,female,11.662355294515635,225.62965578827638,silver,east,desktop,49.47387992315584
Emily,46,male,56.60261464762048,304.93863119143737,regular,south,tablet,70.14554522399288
Chris,49,female,56.572749658983376,488.57666342401956,regular,south,tablet,84.85083436353075
Mike,62,male,23.98984170428405,195.61446832182324,silver,east,desktop,56.56315273595222
Chris,29,female,5.965181811438528,485.83568048371285,silver,east,desktop,61.207852309764625
Sarah,52,male,24.417278882387322,267.46364844352206,regular,west,desktop,64.95910316817216
Sarah,45,male,14.944605837908256,53.303185253618665,silver,south,desktop,16.506998250797164
Ashley,25,female,19.63369057940534,315.92046248763955,regular,west,desktop,42.774088914381935
Robert,57,male,39.412558249802856,414.60004023305333,platinum,west,mobile,72.71861548814329
Chris,56,female,29.370400210470635,445.8245598246794,platinum,west,desktop,75.46487834996985
Sarah,23,female,45.497198066565254,273.8410248025408,gold,east,tablet,41.5259992908919
Jane,27,female,40.03703711578199,233.5118901427075,gold,south,mobile,40.955246539133675
Emily,42,female,21.530646304142188,326.28411856731617,silver,north,desktop,54.58739431874418
Emily,30,male,22.813209619263393,49.95637024604393,regular,east,desktop,23.95249811825805
David,58,female,48.898052365829464,472.0301182760257,regular,east,tablet,88.26792059478926
Ashley,51,female,34.26896765222946,135.15601907574938,silver,south,tablet,40.113309395586846
Sarah,32,female,12.005932603968688,321.13931829824605,silver,south,mobile,57.65423322722299
Sarah,63,male,37.269771436758425,309.7013938147217,regular,south,mobile,69.56368739342797
Chris,33,male,12.588841630761838,366.413361748899,gold,south,desktop,69.19028791058454
John,22,female,52.77894908115902,429.69529243746496,silver,south,mobile,71.66246329783453
Ashley,40,female,12.109860721225841,141.2890410859961,regular,north,mobile,40.11365046336529
Amanda,20,female,41.817446594025455,119.32343061401707,gold,west,desktop,35.67506176154781
Sarah,25,female,54.324570441531534,378.19108492524276,silver,west,mobile,64.5606626398926
Jane,63,female,10.396793899800628,109.51457530188449,platinum,east,tablet,42.64126735929921
Sarah,26,male,34.162769895330555,478.9005488251372,gold,west,desktop,56.67695933487552
Chris,23,male,57.69499805268403,114.68287740551739,gold,west,desktop,37.551346746200565
Chris,57,female,20.28685283465771,272.70539777158507,silver,west,desktop,55.85307171982317
David,33,female,20.458736697123413,335.0105878096581,platinum,north,mobile,55.855368116563646
Amanda,33,male,30.852882008975367,101.92259235347592,regular,north,desktop,33.763958115722644
Sarah,59,male,57.123681154890356,205.2525438712282,regular,west,tablet,58.38764360991098
Emily,43,male,49.055753068714566,393.9566017617171,regular,south,mobile,72.05845704719742
Mike,40,female,19.915209788010753,164.0745822753363,gold,west,tablet,35.125528674461854
Ashley,43,male,17.737194599202482,185.21510086743157,platinum,south,mobile,51.8213979029826
Ashley,43,female,15.92392125464461,117.97819972866778,gold,east,tablet,39.02970701254221
Emily,37,female,28.634902478982063,384.1035740095965,gold,south,desktop,54.71697055490817
Mike,47,female,49.434812295770705,134.95001348051554,silver,north,desktop,47.95649193926007
Sarah,27,male,13.376621328274894,150.00328816690828,silver,east,mobile,21.422934502961937
Robert,29,female,38.93828235951156,255.62223133333796,platinum,north,desktop,52.06488403745575
Jane,53,male,30.97597124592573,112.05954344323375,platinum,north,mobile,55.98698521369867
Sarah,44,male,40.547644543797524,130.21992990653638,silver,north,desktop,39.70762064866964
David,57,male,27.191685899755132,464.5896012274422,gold,west,mobile,85.73409818833781
Emily,36,male,46.79022161534486,404.99901780315395,silver,north,mobile,56.715874414041544
Sarah,26,male,22.655414004901697,148.93363510948626,silver,north,tablet,32.58751332584335
David,19,female,44.719206631276016,355.572406533729,gold,north,desktop,50.652458431449546
Robert,53,male,57.78121091857588,194.841779828995,gold,west,tablet,54.086905153381196
Jane,64,female,36.85829632629757,224.01229820625872,platinum,west,desktop,64.65656681915583
Amanda,28,female,39.900836733142334,358.81251118459596,gold,north,desktop,64.13694463377675
David,28,female,33.864065986721876,406.6197001250473,regular,north,desktop,60.48728537937886
Jane,42,female,31.727270733629005,146.50541387685718,platinum,east,tablet,44.83741957944399
Mike,49,female,14.270075073790725,103.40123714795403,silver,north,tablet,34.66237921219808
Jane,61,female,42.815192665989315,231.15154312085272,platinum,south,tablet,72.46836439913538
Jane,45,male,38.33945250968678,140.76766660719193,silver,west,desktop,49.68005086435013
Amanda,31,female,35.408716826500644,405.8457737021371,gold,east,mobile,62.33681439614059
Sarah,32,male,21.853483828326187,101.07818172586573,platinum,south,desktop,33.72232906165836
John,23,male,26.69702744385515,176.85227645357844,gold,north,desktop,33.61439170784028
Robert,41,male,28.82566207150058,112.73582570296684,regular,east,mobile,33.65959144079642
Jane,60,male,41.16168029629178,35.90923766614928,silver,east,desktop,42.492693175328625
Jane,57,male,44.92414947172073,300.3004955946401,gold,west,tablet,74.45613880495783
Chris,55,female,22.21244014105705,394.4162237903628,platinum,south,tablet,62.00623357038397
Chris,56,female,38.81050730951428,412.50955949914817,regular,east,tablet,70.70817496903636
John,29,male,25.37058477803851,350.46553936098405,silver,west,tablet,52.93634958393883
Mike,61,male,31.686642017915283,386.1453389835111,gold,south,mobile,73.58970688798199
Emily,42,male,9.505462509707641,232.9113082034999,platinum,west,tablet,43.58656974461926
Amanda,35,male,36.82726933991982,74.86642329627477,silver,west,desktop,36.84851834066943
Ashley,39,female,54.30431655755407,150.59066157163127,regular,east,desktop,56.2039318096228
Mike,48,male,57.437294057684156,289.15319480342225,silver,west,tablet,62.38295700639979
Robert,36,male,23.404932214369026,466.34269908041233,platinum,east,mobile,68.24373325616595
Ashley,43,male,14.356935534709743,346.3818739453991,regular,north,desktop,53.96216208679948
John,47,female,58.71523277622659,108.70283477563626,gold,north,mobile,37.49859333209658
Chris,55,male,48.81877510704208,242.98155484676494,regular,north,mobile,65.42807980952458
Ashley,58,female,21.1247048700329,421.95241254119446,gold,north,tablet,79.21063615751507
Mike,60,male,5.246952418515355,66.44980040302288,regular,south,tablet,33.80255306209457
Robert,49,female,19.5312345323295,57.99663118725627,silver,east,desktop,30.23375054802721
Amanda,57,male,57.52198968030763,469.9941373969845,gold,east,mobile,93.95471035756373
Emily,29,female,31.084673614510084,439.2458017898154,platinum,north,mobile,70.33519213422461
John,32,male,21.18727076327087,225.7495293024818,platinum,west,tablet,37.26015369955695
Sarah,50,male,23.831599372119097,367.5403450442048,regular,east,mobile,67.08443758531098
Robert,19,female,17.605825923318015,396.48924388159173,silver,north,desktop,55.80333478234557
John,19,female,36.09174231957671,178.57213366146647,platinum,west,tablet,36.89111136679794
Mike,54,male,16.944188527273308,229.39259272869032,silver,north,mobile,48.560304853405384
Emily,43,male,43.274035399296565,433.11801066821073,platinum,east,mobile,68.46236197945166
Jane,30,male,31.001971204148447,26.41718542385533,platinum,north,tablet,28.72276516222788
Amanda,26,female,13.745539407516759,182.38783535056825,regular,west,tablet,39.43197649627338
Jane,30,female,59.36234878689014,485.9412968127979,silver,south,tablet,68.80249417145488
Emily,42,female,26.875136971585782,239.94556527376406,platinum,north,mobile,56.598150859951126
Robert,37,female,26.419181712896137,214.60101655306653,gold,north,tablet,35.10555272198483
Jane,21,male,29.356939687458517,35.62170521274963,silver,south,desktop,20.48485150446312
Amanda,28,female,16.966410378722856,369.84754160631684,silver,west,mobile,61.05271850594072
Robert,25,female,57.955501969026926,471.7209952949445,platinum,north,mobile,73.24146383984106
John,46,male,28.3474480326091,354.91590993846495,regular,north,tablet,60.76409860651049
Mike,32,female,37.238986654998136,335.5491203945332,gold,west,mobile,65.42546763386129
Amanda,26,male,23.65714501126543,467.3810455209494,regular,north,desktop,71.90410666493328
Robert,64,female,31.430673145637936,93.9362995039553,platinum,west,desktop,47.78185943807083
John,53,male,54.724973199962754,69.94058483174369,platinum,south,mobile,40.26781402882617
Mike,53,male,14.218743398904955,349.09256941321877,gold,west,tablet,60.1339675382587
Chris,35,male,48.63708728572782,55.35038835033049,gold,north,tablet,25.42024000022797
Ashley,41,male,30.41750231832538,456.2395509489647,silver,west,desktop,54.544425264912405
Mike,30,male,19.13176518439447,348.7314604519335,silver,north,mobile,53.70974803451192
Robert,63,male,42.75583679639132,392.2807233050652,silver,east,mobile,77.17510685423163
Ashley,25,female,18.43829162660373,451.02666715548804,platinum,south,desktop,69.00687572173773
Ashley,64,male,13.435594617850462,59.6699794781872,silver,south,desktop,31.29745034149544
Sarah,57,male,23.15858813674348,181.7456948878336,platinum,west,desktop,49.458621421316415
Robert,48,female,21.108561156192373,285.9989967662033,regular,south,mobile,59.722974097345656
Robert,37,female,45.170337003902894,429.8411158902459,regular,north,desktop,69.35886114330343
Ashley,60,female,47.13026082901521,286.8742321601877,platinum,south,desktop,66.3652126307589
David,63,female,10.820750244788954,295.59214821015996,gold,south,tablet,66.51335771743521
Jane,19,female,47.23340849817754,295.06524960399275,silver,north,desktop,45.98269392914034
Sarah,61,male,19.111261762880787,339.55647679853365,gold,east,mobile,68.58126260917473
Amanda,36,female,17.46059149356268,367.5662158438961,regular,west,mobile,58.11845967884631
John,32,male,43.81638000600437,349.30149132510684,platinum,south,mobile,57.473892369898735
Jane,43,male,53.05637700507992,86.31631871782037,platinum,south,desktop,39.28580670272646
Emily,55,female,38.398285210694205,495.50435827426355,platinum,south,mobile,85.92791945926268
Ashley,26,male,56.65217777865528,428.9715483566953,platinum,south,mobile,67.72199814864877
Mike,52,male,41.59845370338347,246.85973922973608,silver,north,desktop,50.79888554790759
David,44,female,52.00550069972235,328.8571710095894,silver,south,desktop,68.1829499833678
Mike,29,male,33.63422045813827,148.30031273573206,platinum,north,tablet,27.48661697687732
Robert,62,female,53.71463418275244,418.35654222795836,silver,west,tablet,79.15945545009342
David,29,female,11.333137140284462,308.49288599080586,regular,north,mobile,42.19462849140565
Mike,58,female,26.252057245434624,146.05322394646998,gold,west,mobile,57.59146310493164
Ashley,54,female,20.917575774566863,423.6001814995566,silver,east,desktop,76.38609828821492
David,30,male,13.20797158914759,67.2573655858845,silver,south,mobile,28.61797188238526
Amanda,35,male,13.217765588224598,142.4757477356573,gold,south,tablet,40.87183717799209
David,49,female,29.357536211974924,181.96068954762558,gold,south,desktop,42.65664107230169
Mike,28,male,29.333954342437423,79.6152049421869,platinum,east,tablet,29.403631391543065
Emily,28,female,55.089146047977614,242.8643680298077,gold,south,mobile,51.0435293941349
Emily,29,male,56.7599660751094,387.5510727070603,silver,west,tablet,61.13623757612902
Chris,47,male,6.049212810810786,215.44717616664343,silver,north,mobile,51.00198524954528
John,52,female,19.252409866371774,353.5419394465858,platinum,south,mobile,65.63064802937951
Emily,28,female,5.464537655053231,113.13575869341076,silver,east,tablet,19.243619923461008
Chris,30,male,53.47769439049549,416.97441316445367,gold,south,desktop,70.92974120202726
Emily,57,male,34.26606088838482,101.83384337461321,silver,east,desktop,41.655254757821105
Ashley,28,male,13.862400829405239,356.5993744026554,platinum,south,desktop,51.37418114146789
Chris,20,male,50.67602060952737,155.16285371032095,regular,east,desktop,32.554267973893914
Emily,29,female,8.945772943995834,412.2016505173001,silver,south,desktop,51.76946245821124
Mike,64,male,51.949365343340965,483.02762171115796,gold,south,tablet,93.80518830670373
Mike,59,male,5.888734888412916,392.97248862466,platinum,west,desktop,67.45125906607832
Mike,45,male,30.018969440617443,45.902044732348614,platinum,east,desktop,28.76288423528881
Chris,21,female,24.468175296138515,38.90624406885793,regular,west,tablet,19.05206973025995
Robert,34,female,40.69492647945659,30.087420540382386,gold,south,tablet,26.927370774161048
Chris,18,male,35.26188096116641,468.888048069532,silver,east,desktop,57.36061721321144
John,31,male,24.459342692886956,105.87940508892837,regular,west,mobile,30.752134359833192
Robert,56,female,59.233225743054746,430.0844475391535,silver,south,desktop,76.12242325007556
Ashley,22,male,28.613908753207436,372.03898625310586,gold,west,desktop,57.052040949071916
Mike,21,male,31.658277807180625,344.46818512404303,silver,north,tablet,61.55727759112149
Jane,37,male,39.58457524864611,42.56421876224181,silver,east,tablet,22.662345809389045
Chris,35,female,10.453835856348093,293.52255333398494,platinum,east,mobile,47.34176974593875
Jane,34,male,53.47812551429878,487.1626532768215,gold,south,mobile,78.15666198852044
Amanda,25,male,36.130144096251854,330.3174261031671,gold,west,tablet,45.91584626223336
Sarah,42,male,42.162906694813366,158.79041586931433,platinum,west,mobile,42.478099307659235
Chris,29,female,55.74518083586472,388.45183859098546,silver,west,mobile,59.97243826050328
Jane,40,female,40.32875531493316,252.91479411582966,platinum,north,desktop,50.99289002289649
Chris,45,male,8.945398309350251,76.12749090092025,platinum,east,tablet,41.84721741150403
Chris,20,male,9.59681951799271,440.5659991922915,gold,north,mobile,64.21774153737044
Chris,26,male,36.25271964637568,406.1718016704144,platinum,west,desktop,53.694917832231354
Chris,26,male,11.416586909741014,32.826628728542175,platinum,east,desktop,20.973267029474716
Mike,43,male,7.358646509109892,39.54083620734748,silver,south,tablet,23.703363664315113
Sarah,56,female,26.101409303127095,110.57679136000604,silver,north,tablet,43.37636923038204
Mike,51,female,58.7961831913972,434.2576150042503,regular,west,tablet,80.02293200908474
Mike,42,male,35.234063687974064,113.39111963909838,platinum,north,mobile,38.25359050420345
Emily,39,female,53.6646541489868,462.4274304071232,platinum,west,mobile,85.70949755803508
Mike,22,male,29.907056879943436,265.21492722895107,platinum,west,tablet,42.25526250422686
Ashley,49,female,56.18605013815722,157.8810983146006,silver,west,desktop,48.394780495251936
Emily,29,female,6.645299957154736,80.01769880732793,platinum,east,desktop,30.42208548572438
David,55,male,44.569756106964874,298.37707840762897,silver,north,tablet,69.84596812676146
Sarah,25,female,57.54468386220016,450.3354504932116,gold,west,mobile,73.24051893844802
Robert,40,female,30.826170266014316,317.77428899645537,regular,west,tablet,52.67787751137609
Sarah,60,female,18.962027585958744,228.46711899474482,regular,south,tablet,58.037420808913325
Jane,49,female,40.83273222849702,320.0043435188651,platinum,north,mobile,65.60984185809978
Sarah,27,male,26.008574557831842,372.67565573834366,regular,north,desktop,46.60768666950201
David,36,female,23.619824852667794,134.79637966708873,platinum,south,desktop,33.695780251227745
Mike,41,male,24.656332722154442,149.59962001632738,silver,west,desktop,46.185768919245845
Ashley,37,male,27.641818173810986,448.3292161006328,regular,north,tablet,68.77911414730427
Ashley,43,female,29.79923595456442,394.7371167130168,regular,north,tablet,67.43105971560122
Sarah,23,male,14.168756686995032,368.70433877421243,platinum,south,desktop,53.61898255564914
Chris,43,male,42.19505671829902,341.88705496094434,gold,south,tablet,54.35366610732941
Robert,63,male,51.21089498086758,269.2839854580064,gold,north,desktop,71.87255502117159
John,42,male,45.386064297308934,193.9582196929131,silver,south,desktop,47.950472730828125
David,62,male,28.07718979533706,208.06050221502034,silver,north,tablet,59.9550323862914
Sarah,44,female,14.137500623692986,58.087271365417266,silver,west,desktop,26.377325077788676
Sarah,61,male,44.15005668724548,445.37220853347134,gold,west,mobile,89.6671103155399
Sarah,50,male,7.89625673101963,30.089524002037003,regular,east,desktop,30.44469154077925
Jane,48,female,32.60705052775573,425.4669082229834,regular,east,mobile,74.8137723076848
John,32,female,57.23878190259391,238.66423903674135,platinum,west,mobile,45.82082177263107
John,25,female,24.33225559045095,108.45672361837067,platinum,north,desktop,20.83754677561027
John,50,female,45.35206918706584,319.0346471187667,regular,north,desktop,57.40480133641596
John,19,female,56.40886192697595,266.3075094364519,gold,north,tablet,37.454359937292935
John,63,male,11.38939148297567,327.5269791610008,gold,south,mobile,70.40034700312835
Amanda,61,male,38.50329493761223,195.56993137281103,gold,north,tablet,52.337640737960875
Chris,44,male,35.97318788924458,403.3079604456944,platinum,west,desktop,65.66181341805078
Emily,33,male,32.14705452963095,225.5514575577402,gold,south,mobile,49.7803358010891
Sarah,22,male,33.10796447861853,206.4752462569686,regular,west,desktop,41.7944683997554
Robert,28,male,26.933318529205334,320.66259892423585,platinum,south,tablet,43.82003772528728
Emily,39,female,12.463106654299867,421.32038319184545,platinum,north,tablet,66.26389981164864
Robert,57,female,16.55664556611042,62.09728556676632,regular,east,tablet,33.37201491303975
Sarah,60,female,8.100434514526858,229.97402057600692,gold,west,desktop,56.536196014257705
Jane,61,male,50.710734397299625,247.030178056001,platinum,north,desktop,64.01655362643626
Emily,48,male,5.836292128391574,275.331513251837,gold,east,tablet,57.235504675849185
Chris,40,female,17.495206921480772,176.46730750237842,regular,south,mobile,33.748663692173395
Amanda,18,female,51.33531165604899,108.1431821215019,silver,east,mobile,29.19416416140667
Robert,35,female,55.38128532984086,129.6769569523065,silver,north,desktop,41.65660954524072
John,30,male,22.791294317076588,138.39346406875586,gold,east,tablet,32.91969102645197
John,45,female,42.55154431109601,218.8023616355475,gold,east,mobile,61.29928216828173
Amanda,61,female,6.45712941068998,285.82629130128834,silver,north,desktop,65.12592711678748
Emily,40,female,56.62692646359634,179.27226833820455,gold,east,mobile,43.922684220789655
Emily,49,female,16.646601881861855,416.3086368209629,silver,north,mobile,63.17257800606779
John,52,male,13.255023752731933,248.41241510570146,platinum,west,desktop,53.231070229347786
John,52,female,10.045488023668405,166.8001024830883,regular,north,mobile,37.44320214221953
Ashley,60,female,41.78844804833297,185.90566960798515,platinum,east,desktop,58.08739532113195
Robert,22,female,23.273052361454734,494.8531915287392,regular,east,mobile,59.772690763109466
Robert,54,female,33.979152035803594,337.53495693786573,gold,east,mobile,78.35859386844963
Sarah,37,female,59.05088053905292,216.64487651084482,silver,east,desktop,48.4466687127238
David,62,male,11.879607171223938,450.48717148821544,gold,east,tablet,71.59294528075088
David,35,male,36.30964325718866,387.01383936118583,gold,west,tablet,60.281516019537676
John,24,male,21.025966200948343,435.01453044118153,platinum,north,tablet,62.895570695492715
Jane,24,female,35.834121724560916,97.33600952042414,regular,west,desktop,28.607516172475183
Sarah,27,female,52.83444641615565,405.16061416074393,silver,east,desktop,58.91697094855121
Ashley,46,female,42.0369662156193,250.45483930261528,silver,north,mobile,62.55076305310713
Ashley,31,female,56.7533885316696,52.711021423678176,gold,west,mobile,36.949286560237546
Chris,27,male,45.88217643387812,64.1776088157193,platinum,east,tablet,22.036510868237784
Jane,39,male,33.065785967585455,295.2312423091861,regular,east,desktop,54.153167590398034
Robert,20,female,12.629986360861741,206.58340862478616,silver,east,mobile,29.26971922571866
John,27,male,10.706819135520192,53.99491215270595,silver,east,tablet,28.567585965880955
Robert,64,female,22.578827503878333,229.45638135389262,gold,south,desktop,58.30445080713911
Amanda,54,male,24.562705737442126,400.23165341099127,regular,south,desktop,76.96149852060768
Amanda,46,female,50.139882703746764,123.20560594206478,silver,east,tablet,41.66779886761024
Amanda,18,female,32.697876004823314,366.82137844155176,regular,south,mobile,54.7208244633636
Chris,28,male,33.64533496579082,224.6281017920366,gold,south,tablet,37.14441538059051
Mike,31,male,59.84487847621293,177.7747729780105,gold,north,mobile,42.462762315109345
Chris,61,male,39.86757405043461,220.52253325148268,platinum,south,mobile,60.005795168669444
John,20,male,37.07280486222349,325.2334019525352,platinum,north,desktop,55.930110466761974
Mike,55,female,50.554681539111726,203.80540809918716,silver,east,desktop,50.235211942140594
Amanda,25,male,13.362891053483647,276.0594380505861,regular,west,desktop,40.507676815055355
Amanda,41,female,52.34563867864357,55.92253617599997,silver,east,desktop,31.115083943259044
Mike,48,male,19.613969693021502,338.7109639579106,silver,east,tablet,71.1568534456376
Chris,35,female,21.043219121737497,89.39803961272784,platinum,south,desktop,33.10104028008726
Jane,21,female,42.24329903553733,101.08042522322614,regular,east,desktop,22.503138192456536
Emily,52,male,11.663880128940335,354.35869548416053,gold,north,mobile,60.16342722452265
Amanda,34,female,14.868812959636461,495.6692666279608,regular,south,desktop,68.0355328307901
John,36,female,58.35593283297569,453.7311722924339,regular,south,desktop,72.87534527464682
Sarah,60,male,39.4754677759268,239.55174742922355,platinum,north,tablet,58.39003293937746
Robert,36,female,18.968454370981405,165.35086781976747,silver,south,desktop,36.7662311153641
Sarah,46,female,54.48607058862487,233.61097464624274,gold,west,desktop,50.907790864524166
Sarah,53,female,24.225677667201918,288.6637865597041,platinum,south,tablet,57.85419351916663
Emily,44,female,13.50978254144467,146.7144024558281,platinum,north,desktop,29.559251718031284
David,57,female,58.917711872044094,366.41150281414025,gold,east,desktop,82.56387176280091
John,60,male,11.371712973660344,31.557500370816367,silver,west,tablet,41.11132856095527
Jane,64,male,36.51476663566545,472.4495816697443,silver,south,tablet,89.17378023212282
Sarah,23,female,46.25410359499454,368.4832311845058,gold,north,desktop,56.05482625643961
Robert,46,male,56.22659245017767,439.06804106398187,silver,south,desktop,74.06171177079416
Jane,61,male,11.05170500264292,182.50045664171157,platinum,north,tablet,41.164285929462
Sarah,37,male,34.02928758814898,467.35569172982764,platinum,south,tablet,59.3200602618637
John,28,female,12.288453253734971,495.258330775382,regular,east,tablet,62.813676642829385
Chris,28,female,47.462604223564554,106.13381627040349,platinum,west,mobile,37.880326799469834
David,27,male,16.23608164300528,295.6959758176785,regular,north,desktop,35.94746906692951
David,45,female,17.468789449230666,436.0529511047045,silver,east,tablet,68.58354761708488
Chris,53,male,59.914422444049336,43.36030935154676,regular,north,mobile,40.63373249397296
Emily,29,male,51.4854739606233,392.39417527326805,silver,south,desktop,69.93973689381353
Robert,50,male,40.77958875898682,36.77761754023207,gold,south,desktop,37.25978517220989
Robert,56,male,40.22847992823057,334.2646323678472,silver,west,tablet,67.06062875361329
Emily,49,female,37.893635633563015,65.93995987118004,gold,south,mobile,46.79725721161457
Chris,40,male,57.365817009575515,68.20927718287345,silver,south,tablet,37.73520202822561
Sarah,45,male,52.23124508540434,158.01427148050243,silver,north,mobile,45.15229837941707
Ashley,39,male,38.58970707193964,199.3607684521593,regular,north,mobile,45.39801657265505
David,51,male,12.514593005273504,262.9314696851459,regular,south,tablet,55.77835033701637
Jane,62,female,25.28184659863879,52.43973132824897,regular,east,desktop,38.75486879115078
Emily,59,female,57.885487077651995,208.00016401672124,platinum,south,desktop,59.01009539924424
David,61,male,11.684602794910258,479.5493756022827,regular,west,desktop,82.62478458995075
Jane,53,female,10.453989828253977,249.3564697335422,silver,east,mobile,54.12295453520124
Sarah,59,female,6.702933890079373,488.19648446036103,platinum,north,desktop,74.26748340857176
David,41,female,39.236668084332976,474.04171470090586,platinum,north,mobile,77.9047406088669
John,58,female,22.335485450270554,150.8786677571894,regular,south,desktop,57.2297415097256
Emily,41,female,54.64995125805659,410.904848038498,platinum,south,tablet,76.82564063062728
Amanda,26,female,58.413510946279146,186.33111919731843,silver,west,tablet,47.750268640378174
Jane,59,male,19.55608418666118,329.8478218567616,silver,south,mobile,66.06624396408267
Amanda,63,female,52.654920094251885,176.4370130091358,gold,west,mobile,59.941121491147236
David,33,female,25.057377562230148,114.40465282508728,silver,north,desktop,30.122164016941277
John,54,male,18.948405848575348,297.9524190230557,regular,south,desktop,61.64702176611679
Amanda,19,male,37.82882920194218,428.33528639620204,gold,west,mobile,72.8352752473623
Sarah,48,female,55.1968841520469,479.3807211224626,platinum,south,desktop,98.43360208523261
Ashley,55,male,12.4310553478632,146.01157130140018,gold,east,mobile,42.50942652676623
Ashley,60,female,18.790800506156764,346.1801285835075,gold,north,desktop,63.611652359661015
Chris,18,female,7.0374522734441385,416.17704666653805,silver,south,desktop,53.25305047597364
David,37,male,21.62254398009989,121.60108044704512,regular,east,mobile,38.13475189339606
Amanda,24,female,44.17145727137502,265.7766040073477,gold,east,tablet,49.76243131231783
Sarah,47,female,10.650386498092772,454.64783051936763,silver,west,tablet,72.40178657034015
Ashley,21,male,21.454157167585283,435.14565420766314,silver,south,desktop,62.972901841529435
Jane,49,male,35.41309285722102,25.419239521417616,gold,west,mobile,30.408811403987734
John,47,female,48.51207335965236,319.5987876651616,regular,north,desktop,65.69876895925665
John,34,male,59.40629005181475,324.9898398093086,platinum,east,desktop,56.428327084024026
Sarah,21,male,28.4395289681887,495.72283009410353,platinum,north,tablet,52.800432141568834
Chris,44,female,33.69801361340184,350.4856376240241,silver,east,tablet,69.372463718116
Emily,24,female,53.010684622734736,279.08048616653866,platinum,east,desktop,48.18043912201033
Chris,59,female,30.771864155712755,107.41253473296285,gold,north,tablet,38.85427930722203
Jane,55,female,16.762337629309787,146.7401479120192,silver,west,desktop,47.53820310502916
Amanda,29,female,53.92086562289914,413.5254754811082,regular,west,tablet,69.83577858689374
Amanda,35,male,45.11478474052194,53.39599349763354,regular,east,desktop,33.97250006243025
John,61,female,25.73183428590511,26.8009884922982,regular,west,tablet,37.62033582244442
Amanda,21,male,31.819378334674273,313.45321367314887,regular,south,mobile,52.2042393076578
Chris,38,female,16.10109733761564,344.5459954893574,silver,west,desktop,61.08794705997784
John,45,male,7.499510330455982,416.35472623933066,regular,south,desktop,57.38201734646502
Robert,46,male,22.7809790203352,274.50779644625845,gold,east,tablet,53.40207191602207
Mike,32,male,39.87462797621821,424.3372763639272,regular,west,desktop,72.29752309344391
Amanda,32,male,20.54961337287747,416.10107333388254,regular,south,mobile,60.56004620544448
Sarah,34,female,59.18957264133534,207.02096268368524,platinum,west,tablet,50.41167289660341
Mike,53,female,10.572499412105692,63.58852446839588,gold,north,mobile,33.62641349328033
David,56,female,40.47755183420197,386.21785568768723,regular,north,tablet,75.56333913603939
Sarah,61,male,35.04094321229847,483.26863431542665,regular,west,tablet,98.0677595985335
Chris,45,male,5.176076918007019,441.61285958246776,gold,west,tablet,65.6193583548306
Chris,56,male,51.22115694221699,323.98362038508,regular,west,tablet,70.79748394536301
Robert,41,female,27.41076655892918,66.11984491650199,silver,south,mobile,36.69961023779783
Jane,38,female,33.282879853596484,304.251767970223,silver,south,desktop,50.482278050802336
Sarah,41,male,44.89526501962934,27.53625561892088,regular,south,mobile,25.515647624394674
Robert,52,male,44.78554913923691,304.1487099351996,silver,north,desktop,59.78096955263576
Sarah,50,male,48.849369843734465,420.1784899225548,gold,west,mobile,78.90648813688613
Sarah,19,female,11.288754887924988,375.89791285104315,silver,east,tablet,51.56805414694214
Chris,40,female,58.09609100389625,315.5350877549683,regular,south,tablet,66.33150001790698
Emily,39,male,52.86026214336749,77.86332367317443,regular,west,mobile,44.48983871005535
David,22,male,53.682257595691226,102.94758447812396,regular,south,desktop,31.045189619334764
Jane,63,female,40.81247195294953,425.65503306240953,regular,west,tablet,75.88724290216109
Robert,58,female,20.915501633916694,303.91081501901044,gold,north,tablet,58.09403540598784
Mike,57,male,43.72297862922867,270.5080318301444,regular,west,tablet,58.716042176265084
Ashley,42,female,47.52825683868433,119.89892187094074,gold,east,tablet,46.999920332514336
Amanda,40,male,17.608540270043065,223.7138362633006,gold,north,mobile,44.939004905399614
Robert,35,male,52.04102397542067,298.82294011483526,regular,south,tablet,59.508690003907375
Jane,44,female,31.984017503247234,321.4854014049577,silver,north,mobile,59.29498947701014
David,26,male,17.805336082997528,357.6549832140457,platinum,east,desktop,49.6675849591658
Mike,23,female,58.15278095577598,379.16131397891894,silver,north,desktop,64.07181398409824
Emily,51,female,55.742571763731554,318.01166076193977,silver,north,mobile,72.02942583690799
Emily,40,female,44.409558082781516,94.68028320517674,regular,west,mobile,37.55882123240937
Robert,36,female,34.72286587872402,280.3144414665964,silver,east,mobile,49.82068904730724
Jane,28,female,25.19026340992582,55.91087583115126,gold,west,desktop,20.889793927888608
Chris,47,male,53.524928231755354,303.5839233812024,silver,south,mobile,60.33761476786006
Mike,29,male,47.5413176642309,490.1151957759162,platinum,north,tablet,74.8474634160238
Sarah,48,male,47.19793326095639,148.27861377948435,gold,north,tablet,42.52019182676504
Robert,25,male,32.87613122561764,208.08354289418205,silver,east,tablet,38.77868745376174
Ashley,48,female,7.25230204330991,150.82979316767958,platinum,south,mobile,33.72070843023446
Jane,60,female,35.70105204285461,288.2769415784682,gold,east,mobile,57.28809994971377
Sarah,39,male,51.63680329620316,41.01773141666836,silver,west,desktop,34.79423745253112
Ashley,25,female,32.899031720877716,497.0920724576463,silver,west,mobile,71.0337161137987
Robert,43,male,45.80486972751911,402.4418047059794,platinum,south,mobile,70.28289177229394
Sarah,62,female,31.00173079135245,316.3393787344087,platinum,south,tablet,72.68834912202584
Amanda,37,male,35.784301435227356,410.06054810431345,gold,north,tablet,64.44315749234333
Robert,43,female,7.537674577889627,126.27637441792993,platinum,west,mobile,29.208364754450443
Robert,63,male,22.0709055661946,432.04829662628356,silver,south,tablet,83.6939408407048
Mike,60,male,54.40021976712261,492.12585591166163,silver,south,tablet,101.11911460368572
Mike,21,male,21.981329818049595,325.0554845803819,platinum,north,mobile,47.93207737491747
Jane,38,male,29.945892386692698,290.124530661772,platinum,north,desktop,57.821512545829535
Emily,37,female,36.33223820606368,236.65447615470478,platinum,south,tablet,48.262116021676306
John,55,male,47.10047571078991,328.4729737625787,silver,west,desktop,62.86605836675098
Jane,51,female,18.647243779769738,335.01608208873455,platinum,south,tablet,63.72084968976557
Ashley,62,female,8.997283365936841,286.5503495600601,platinum,west,tablet,63.8749340436507
Jane,43,male,52.28568105076619,385.8308426438328,regular,south,tablet,79.77707953694006
Chris,25,male,44.280246162228906,189.9972953461052,regular,west,tablet,41.771138396576575
Ashley,55,female,47.425958145551114,409.37608798761164,silver,east,desktop,67.30644888600213
David,38,male,14.39507212845896,324.94487131242835,platinum,north,mobile,47.714977311629134
Chris,52,female,30.984419755532922,185.88210744745203,silver,south,tablet,57.20872660774016
Emily,34,male,30.077681221337297,106.06452625374709,regular,south,tablet,36.95647322958457
John,63,male,32.68551003904987,251.19243459074985,platinum,north,tablet,63.62385410122518
Amanda,58,female,55.50610429293879,237.9530411987723,gold,west,tablet,60.17620918687836
Emily,57,female,59.54282774906477,161.4194221237767,silver,south,mobile,53.54571438194391
Mike,51,female,6.740516840902954,303.88017134648084,silver,south,desktop,63.665370319999916
Sarah,51,male,15.138349804076599,22.590847583751046,platinum,south,desktop,38.32120908493539
Ashley,19,female,51.23064551221062,176.68172974402867,gold,west,desktop,44.35396013665381
Amanda,27,male,9.816447655644971,331.55083656336944,gold,south,mobile,50.46036483958686
Emily,41,female,58.653170110622675,32.418970633704376,gold,east,desktop,42.310151155814935
Robert,22,male,43.74267172022264,296.75025969358217,platinum,south,desktop,56.63121685573343
Amanda,42,female,5.626563103510226,200.70666160852832,platinum,south,mobile,36.80982510617002
Chris,24,male,43.390064061643976,383.71336279979,platinum,north,mobile,54.97221731601684
Amanda,51,female,21.974097747820696,121.95473944345098,platinum,west,mobile,35.41083958990047
Emily,42,male,32.579814583046186,414.3575285526948,silver,east,tablet,67.46737857322604
Chris,28,female,12.68391325196095,119.27105217583987,gold,north,desktop,25.865106230112616
Ashley,47,female,38.193162419654755,311.10630026946535,gold,west,desktop,62.28712481226566
Emily,46,female,16.737292806694935,115.05967834640835,regular,west,mobile,41.50687048279674
Amanda,42,male,20.555394404412922,282.6514652828682,gold,south,tablet,56.05695133410195
Jane,21,male,43.28318776471409,247.37059190568513,silver,north,mobile,37.373697460890085
Emily,36,female,15.93455298611899,127.48294505449238,silver,west,tablet,34.30082048728701
Amanda,39,male,20.883446527066383,300.1551013866124,regular,east,mobile,46.47942069603844
David,24,male,9.778711894124907,126.00946754183744,platinum,south,tablet,28.306492394953334
David,38,male,38.0215438857052,264.24989181495863,silver,south,mobile,47.989580020954634
Robert,39,female,18.194061654929648,431.29234153494906,silver,south,desktop,68.32989275346968
Sarah,45,female,53.48518616138487,434.69929776550146,regular,south,mobile,76.63077876041532
Emily,44,female,37.5252026980272,330.6939879003734,gold,east,tablet,62.438376228357036
Chris,43,female,17.19659324033045,243.35555486222546,gold,south,tablet,43.14490588692
Ashley,18,male,5.4007958400000975,341.307279758619,silver,west,mobile,48.57164959993951
Chris,64,male,11.420804702179757,408.9348530706279,platinum,north,desktop,66.79062113637362
Mike,21,female,17.67918185751762,399.9144457522728,regular,west,desktop,44.111215592259725
Ashley,55,female,35.38816289485364,283.2335855904759,gold,south,desktop,53.65176140320641
Emily,25,female,15.61766937232533,167.55233272556413,silver,north,desktop,32.490333420446014
Sarah,34,female,42.54866651933916,335.75561224137556,gold,south,tablet,58.84472438968928
Amanda,29,female,9.882751666210943,29.11497511977423,silver,south,tablet,26.703893948877727
Ashley,29,female,26.985252178101266,485.0106817932915,gold,east,desktop,67.72450262390267
John,62,female,18.01233149115772,178.25628589568328,gold,east,desktop,49.77449720971057
Amanda,20,female,49.15735928799809,220.4091451580229,silver,west,mobile,38.475309908891575
Jane,23,female,12.037409270756172,283.00301651686704,gold,east,desktop,44.03751738844054
Mike,35,male,11.63302702333002,364.3943981515654,silver,north,mobile,57.01963425070865
Sarah,32,female,47.98363603987998,97.65753636698976,regular,north,desktop,35.26723101250457
John,23,female,24.348256415111244,200.41506039803102,gold,north,tablet,32.86377579391567
Sarah,32,male,48.29824728283452,173.07222746740953,platinum,south,desktop,38.717981327772435
David,35,male,41.55815721029639,46.857439653105395,regular,south,mobile,25.32837821800164
Ashley,59,female,9.851577120734092,237.85792058522193,platinum,south,tablet,46.84300954130878
David,64,male,58.40770408110107,62.22118710327868,silver,south,tablet,55.51662639160484
Mike,62,male,56.17569601976951,443.4353077728722,platinum,east,desktop,83.53122039938216
Sarah,48,female,49.10160841964067,274.2448050546931,gold,south,mobile,59.54488001675624
Emily,52,male,51.110546209580086,412.54742358429365,platinum,north,mobile,76.21995952692835
Jane,21,male,39.12859909609348,305.8654063813644,platinum,west,mobile,48.51552224208349
Amanda,18,female,55.60309679410589,469.1697734928921,gold,west,tablet,72.68163179360431
Emily,47,female,27.868313217580255,59.229031611608264,gold,west,tablet,33.917585386128394
David,62,female,54.13832845001658,371.36756263611187,regular,north,desktop,71.9173531004132
Sarah,62,male,30.205086522148612,347.7072053234408,gold,west,mobile,69.58157593838645
Sarah,62,male,47.99795712134778,401.6972224378189,gold,south,mobile,82.0839050174776
Jane,18,male,31.15798328567862,294.98819117873916,silver,east,tablet,43.21798815378746
Ashley,35,male,43.34690684765124,164.69726680643495,gold,west,tablet,37.21359191667649
Amanda,47,female,28.795115283437834,169.97139809913594,gold,east,mobile,48.16731564372729
Mike,45,female,25.965859034173533,446.0575745139102,regular,west,desktop,83.36090277126387
Jane,52,male,40.86160499816168,190.15979522224717,platinum,east,desktop,48.93893250756791
John,54,male,47.997726694272025,410.774689085731,platinum,east,desktop,84.57009151257968
Jane,39,female,9.480024751771374,387.6317575836328,regular,south,tablet,59.894287683927026
John,48,male,19.5249525934821,264.8377978496045,platinum,east,desktop,59.96203197497489
Jane,55,male,37.3754671113849,457.79635191867277,gold,east,tablet,91.99202677894294
Jane,35,male,21.163808486051376,164.3642733201937,platinum,west,mobile,38.78597489218813
Chris,56,male,36.955956863354245,23.1387571794353,platinum,south,mobile,45.32629137844263
David,33,female,59.6366775584506,383.71580161860044,regular,north,mobile,72.14240051666198
David,19,male,53.68063029934882,387.09511629064605,platinum,south,mobile,60.89520851546927
Emily,33,male,36.77193356421845,114.01120292617233,platinum,north,tablet,25.924449033995074
Mike,59,female,8.75652983004499,411.51994751645424,platinum,west,mobile,75.79209771685004
John,40,female,50.25739650686142,432.3135280748579,gold,west,mobile,67.41468368581803
Amanda,63,male,57.33979558410102,335.4061882394523,gold,south,desktop,76.35255304884726
Robert,35,male,12.02812197189057,269.36966875156156,gold,east,tablet,50.583758676316684
Chris,62,female,39.04445798248664,321.6656616238737,platinum,west,mobile,64.09726964275904
John,40,male,13.153646630682909,325.6825716063136,platinum,east,tablet,53.950697313609226
Sarah,31,female,11.12261128000588,427.49725873078563,platinum,east,tablet,60.55584036008323
Emily,20,male,25.182220618395075,130.08147006758188,platinum,north,tablet,25.975402625056127
Emily,29,male,18.91264132495816,460.1626295851481,gold,north,tablet,71.70840581849792
Ashley,27,female,45.479203284201,475.9430366481502,gold,south,desktop,72.7549385939221
Robert,58,male,17.44090830901016,125.62357610481597,platinum,west,mobile,48.805439875492254
Ashley,22,female,51.54719701745853,70.5312589934919,regular,north,mobile,30.671832686880585
John,28,male,18.23051921611394,343.3241895715337,silver,south,tablet,48.75548289216689
Chris,24,male,41.2679808753006,74.2070949093702,gold,south,desktop,33.449612040821485
Sarah,62,female,14.611662659325468,139.55413287722104,gold,west,desktop,51.806386770267125
Emily,26,female,37.002113888646164,98.79431617571908,gold,west,desktop,32.906508151693444
John,26,male,32.709115531768916,431.9920235846174,gold,north,tablet,61.36567799138269
John,26,female,36.42593172828973,456.27932726702124,platinum,west,tablet,67.11101621974552
Jane,62,male,26.17162519159356,170.38626448175546,regular,west,mobile,56.52547118188677
Mike,55,male,56.16681490441834,179.21750793965336,gold,south,desktop,55.84365992633273
John,36,male,22.077928679555654,242.8363100033484,silver,east,mobile,50.005922285750536
Mike,20,female,54.94695348124576,85.29727727771741,platinum,north,mobile,37.35086496694149
Mike,23,male,46.09047742270452,394.8814689709702,platinum,east,desktop,62.160681907560885
Ashley,47,female,25.151397073777563,275.88595146592144,silver,south,tablet,60.46495399120601
Chris,55,male,30.222850326822783,162.42205449588627,gold,north,tablet,47.64585257212003
Amanda,54,female,53.00384328685802,251.31884540244,gold,east,desktop,53.142019400847914
David,60,female,14.92587981874336,304.54999819742113,gold,west,mobile,62.41592219892408
Ashley,47,female,13.484740140059372,185.19096051871227,silver,west,desktop,48.77821001128969
David,45,male,36.205823143737206,148.72059022379534,regular,south,mobile,44.957300916423655
Mike,35,female,58.992230400733746,90.06310832544726,regular,west,desktop,39.58603760102427
Robert,29,female,32.49307398604731,347.11128248675857,regular,north,desktop,56.05074749900888
Amanda,26,male,38.83631422741439,232.26161402625274,silver,north,desktop,53.538732214512315
Amanda,42,female,39.41980500926835,62.196403604715954,silver,west,desktop,31.416473002772786
Sarah,21,female,42.94857422070867,311.9399490876673,regular,east,tablet,43.27763899202702
Amanda,29,male,42.05914137869773,75.98496859881504,gold,east,desktop,33.261581141321905
Mike,33,female,53.14050593736603,84.0569208290263,gold,south,mobile,34.39773838847931
Robert,21,female,28.814789730333533,330.4897850367499,regular,south,mobile,49.52864368591328
Jane,54,male,57.08518711385164,432.9970265869583,regular,north,mobile,75.2537742397683
Jane,57,male,47.80266401579646,368.7502236790699,silver,north,desktop,75.99680368853171
Jane,39,female,20.08233459832366,493.4564411048888,silver,west,tablet,74.37912833684716
Amanda,47,male,20.91380569015726,137.59501750186473,platinum,south,mobile,29.065325204725973
