Name,age,Gender-Type,income-level,Country_name,product Purchase,Price-of_product,Review_Score,Membership Years
Person_0,53,Male,81550.0,USA,Item_C,801.7855308013255,4.2625178607836185,7
Person_1,43,Male,31536.0,USA,Item_D,665.1599551469221,8.415978866919804,1
Person_2,29,Male,81550.0,Australia,Item_A,436.9215310936423,2.8367889504018424,2
Person_3,57,Female,85681.0,Canada,Item_A,935.382616333418,5.221366727663385,2
Person_4,22,Male,72269.0,UK,Item_C,581.8554368009784,8.208448493872872,5
Person_5,,Female,68758.0,UK,Item_B,864.3668630452834,2.621427829593573,10
Person_6,53,Female,55298.0,Australia,Item_C,,1.9887680236670464,7
Person_7,33,Male,31536.0,UK,Item_D,997.2655209045666,8.953155709191908,1
Person_8,37,Female,27788.0,USA,Item_D,931.0944359676322,4.086366964832763,10
Person_9,25,Female,75826.0,Canada,Item_D,262.7830100256117,7.154831124181288,1
Person_10,25,Female,27788.0,UK,Item_D,736.8097464512298,1.2281374383754464,1
Person_11,38,Male,86504.0,Canada,Item_D,737.5765889209453,7.210421995685047,6
Person_12,50,Female,,USA,Item_B,820.1966205317399,3.844911803922735,2
Person_13,54,Female,66804.0,UK,Item_A,365.61665951286346,1.5016676822869757,1
Person_14,38,Female,28712.0,Australia,Item_C,373.7168214100997,6.488314853933053,6
Person_15,,Male,46806.0,Canada,,240.18093228575287,3.167234344658559,2
Person_16,36,Female,70069.0,USA,Item_D,,4.48126517846692,6
Person_17,16,Male,51348.0,Canada,Item_C,455.558053031963,1.7252273105786222,10
Person_18,38,Male,21560.0,UK,Item_D,204.4550237132972,2.324469259854508,8
Person_19,58,Male,84324.0,UK,Item_B,354.0436073606171,3.6817951194625937,2
Person_20,44,Male,45032.0,Australia,Item_B,473.38836369194723,1.8078355050414143,9
Person_21,?,Male,45431.0,USA,Item_A,447.4153677539351,9.197436382176837,8
Person_22,16,Male,47083.0,USA,Item_B,958.055329809862,1.0544233886558056,10
Person_23,35,Female,,Australia,Item_B,866.9067593404815,5.354741969778803,1
Person_24,47,Male,26471.0,Australia,Item_A,674.3822255151163,2.109227123192963,7
Person_25,26,Female,73420.0,USA,Item_C,676.3612096021049,3.7691118053015367,10
Person_26,36,Female,59891.0,Canada,Item_D,285.856632483886,9.334536038364389,6
Person_27,58,Male,73331.0,Canada,Item_D,675.5281804212527,2.4552509794658817,6
Person_28,39,Female,49759.0,Australia,Item_C,922.0944370908458,9.692490877464994,6
Person_29,63,Female,73268.0,Canada,Item_A,303.3940373781555,2.8521493929047956,6
Person_30,41,Female,49806.0,USA,Item_C,59.74057972475231,7.6740949762014665,10
Person_31,56,Female,72648.0,UK,Item_B,587.4198683894311,5.920095384075806,7
Person_32,42,Male,72290.0,UK,Item_A,961.3109454595364,8.960308548370833,3
Person_33,,Female,55631.0,Canada,Item_A,303.3625438808021,5.985939299528178,6
Person_34,?,Male,48044.0,Australia,Item_A,938.9325713648029,5.811032972406778,3
Person_35,61,Female,51910.0,Australia,Item_D,303.3940373781555,2.759122003315599,7
Person_36,58,Female,27421.0,Australia,Item_C,42.1190115867151,2.4960642584649286,7
Person_37,17,Male,85061.0,Australia,Item_A,284.242399082719,9.248402360039627,8
Person_38,?,Female,50087.0,Australia,Item_A,482.07048895579317,3.9505437896503066,2
Person_39,21,Female,27813.0,Canada,Item_A,240.99949442283338,4.348740294666063,9
Person_40,35,Female,90067.0,UK,Item_C,242.08134401139955,7.838412925855495,5
Person_41,23,Male,,UK,Item_D,680.6636905160116,4.049411341805266,9
Person_42,53,Female,49984.0,Canada,Item_B,457.22208122162937,9.568562019751024,10
Person_43,32,Male,93965.0,Australia,Item_D,424.9910471431001,7.641349920989203,5
Person_44,?,Female,86912.0,Canada,Item_A,488.3490546805318,6.37686318316078,7
Person_45,,Male,98301.0,UK,Item_D,,8.928056444902772,9
Person_46,28,Male,43429.0,USA,Item_D,826.2268024285036,1.4464531751453449,4
Person_47,64,Female,73420.0,Canada,Item_B,838.9934089724492,3.3135642297028784,2
Person_48,23,Female,33057.0,Australia,Item_C,506.5027807466647,5.18532700798819,9
Person_49,40,Male,58787.0,UK,Item_C,60.116247546383384,3.0428068552436893,2
Person_50,16,Male,68231.0,UK,Item_D,288.23925266522025,7.695146685719368,3
Person_51,34,Female,42614.0,UK,Item_D,54.54685302307012,9.272872279483526,10
Person_52,42,Male,81627.0,UK,Item_C,312.6865178728182,4.81393107937831,2
Person_53,61,Female,56914.0,Australia,Item_C,,4.079193401007054,3
Person_54,21,Female,80963.0,USA,Item_B,933.2293296351189,9.653956589238096,6
Person_55,58,Female,40337.0,UK,Item_A,,5.003671895447868,3
Person_56,22,Female,56060.0,Canada,Item_D,735.670106150397,5.401435604043549,10
Person_57,,Male,75114.0,USA,Item_C,407.8683278918228,4.164848851077148,8
Person_58,49,Female,70138.0,UK,Item_D,234.25640977574466,9.185936257109246,6
Person_59,28,Male,96272.0,USA,Item_D,626.5258692074426,6.120599349536657,7
Person_60,31,Female,83646.0,Canada,Item_C,104.01562247609273,7.859571284634802,1
Person_61,50,Male,,UK,Item_B,637.3744837678737,8.306260465157976,3
Person_62,64,Female,64064.0,Canada,Item_D,398.96615780424725,4.076641377255323,3
Person_63,54,Male,57804.0,Australia,Item_B,310.2530319407901,4.90324898188342,2
Person_64,,Male,53756.0,UK,Item_C,876.3822824349406,8.636245969656382,7
Person_65,16,Female,80428.0,UK,Item_A,,4.269298165082292,9
Person_66,20,Female,64965.0,UK,Item_A,639.0602132932908,8.145416201066663,4
Person_67,56,Female,67055.0,UK,Item_D,228.28276302060175,9.468930903169934,5
Person_68,18,Female,58067.0,Australia,Item_C,361.1812711629105,6.608893357612063,3
Person_69,43,Male,72290.0,UK,Item_B,298.54630435885593,7.674645587067,9
Person_70,32,Female,84324.0,USA,Item_D,575.1686426710814,8.245875808370215,4
Person_71,40,Male,60108.0,UK,Item_C,,8.605356840069783,5
Person_72,58,Male,40281.0,Australia,Item_C,734.1814994027077,4.5554800407111635,1
Person_73,48,Female,46155.0,UK,Item_B,882.1632755832609,1.4613711325839835,2
Person_74,24,Male,36029.0,USA,Item_D,400.62659216573456,4.616886441130656,9
Person_75,50,Male,97452.0,Australia,Item_C,515.4749498849643,7.063806068056808,2
Person_76,28,Male,62600.0,Australia,Item_C,927.8525440458048,5.053153472027135,5
Person_77,45,Male,84178.0,USA,Item_C,675.6600048587866,7.740668357743587,8
Person_78,62,Female,92909.0,USA,Item_B,876.3822824349406,4.212841865217975,3
Person_79,29,Female,35997.0,USA,Item_D,393.4016673105929,6.712697269936266,6
Person_80,22,Female,77866.0,USA,Item_D,679.5974571939969,2.677778243685771,4
Person_81,28,Female,33629.0,USA,Item_D,20.702972798844378,7.744324929804613,7
Person_82,37,Male,77022.0,Australia,Item_D,279.2786192909125,5.911263719317232,10
Person_83,54,Male,81332.0,Australia,Item_A,581.0888073213732,2.836579496919405,3
Person_84,35,Female,37087.0,UK,Item_A,577.3117786128255,3.627200561480265,6
Person_85,30,Female,31653.0,UK,Item_D,464.9882166414868,7.737478377236491,10
Person_86,59,Female,76273.0,Canada,Item_B,492.3927005590503,5.343411120953686,9
Person_87,32,Male,29686.0,UK,Item_A,109.96832574958349,2.94428296353765,10
Person_88,61,Female,96957.0,UK,Item_C,226.0254592066505,9.70544071333268,1
Person_89,38,Female,49794.0,USA,Item_A,561.0126442171318,7.4361251783519915,3
Person_90,40,Female,,USA,Item_C,744.2250373176818,9.614213492858166,2
Person_91,39,Male,62828.0,UK,Item_D,226.5227023203474,4.843945408243089,8
Person_92,59,Male,92930.0,Canada,Item_A,272.8414433547816,5.275903066225484,7
Person_93,55,Male,43225.0,USA,Item_B,,9.081596945665172,2
Person_94,43,Male,31556.0,UK,Item_A,550.9939563108431,5.725444062208462,6
Person_95,29,Male,69666.0,UK,Item_A,620.9348849843698,7.365510207151004,3
Person_96,59,Male,84309.0,Australia,Item_A,171.38892267673734,3.2695558974597696,8
Person_97,15,Male,79889.0,Canada,Item_D,138.382188441993,5.020538218323765,10
Person_98,39,Male,67414.0,Australia,Item_B,737.0220197272962,2.1110487922931958,3
Person_99,21,Female,50027.0,Canada,Item_A,346.5721451553157,2.853820322892655,10
Person_100,23,Female,32087.0,USA,Item_B,,1.0084907374086798,9
Person_101,38,Male,43398.0,Canada,Item_D,222.54892858872188,1.3533854648379422,1
Person_102,15,Male,,UK,,,9.795554408592364,5
Person_103,58,Female,50027.0,UK,Item_A,,3.181183256230861,3
Person_104,22,Male,81272.0,Canada,Item_B,931.0944359676322,6.969796385536018,6
Person_105,38,Male,91308.0,Canada,Item_B,,8.551897289196503,10
Person_106,25,Male,38313.0,Canada,Item_D,406.69712516612196,5.955944133129078,2
Person_107,?,Female,68908.0,Australia,Item_A,846.2192499993221,2.3783005007556057,9
Person_108,22,Female,55631.0,Canada,Item_C,239.16046162764513,7.553047936025497,6
Person_109,49,Female,33629.0,USA,Item_B,607.1186189217175,6.402262690896247,7
Person_110,49,Female,84309.0,Australia,Item_A,154.97189403678794,7.581255304126376,5
Person_111,47,Female,50620.0,Australia,Item_C,665.2944963106414,7.927719605713785,9
Person_112,19,Male,48380.0,Canada,Item_B,586.8873048512347,9.778693309162707,1
Person_113,56,Female,58067.0,USA,Item_B,157.75697504405917,6.16206952024039,5
Person_114,53,Male,49328.0,Australia,Item_C,96.14704611976086,4.074770014215416,10
Person_115,55,Male,75533.0,UK,Item_C,334.95077462155604,6.836181012102133,6
Person_116,?,Female,46806.0,Australia,Item_D,49.88266359021848,1.6159663831836353,7
Person_117,21,Female,59443.0,Canada,Item_A,464.53278305381406,9.076575864894277,4
Person_118,23,Male,82646.0,USA,Item_A,49.88266359021848,2.074429102043771,1
Person_119,22,Male,49984.0,Canada,Item_D,306.3895399682948,3.950585540972364,8
Person_120,?,Male,96957.0,UK,Item_B,,8.341708425635087,10
Person_121,48,Female,84028.0,UK,Item_C,171.0342069544303,6.375811404976407,4
Person_122,47,Female,47490.0,UK,Item_C,127.4573280841645,4.542719682496979,3
Person_123,62,Female,75147.0,Canada,Item_C,473.38836369194723,5.260920934375193,7
Person_124,37,Female,74691.0,Australia,Item_B,438.4437694984007,8.690926538819623,2
Person_125,38,Female,24255.0,Canada,Item_C,26.038393366072537,4.060039474539029,8
Person_126,51,Male,92715.0,USA,Item_C,38.36590330187797,8.826847163309541,6
Person_127,49,Female,47605.0,Australia,Item_D,,1.7932098787902233,7
Person_128,58,Male,31005.0,UK,Item_B,839.8481168709826,7.991185934877676,5
Person_129,54,Male,,Canada,Item_A,744.2250373176818,8.627928697492628,9
Person_130,36,Male,93379.0,UK,Item_D,471.5197752162814,2.6363588755360485,5
Person_131,41,Female,97258.0,UK,Item_D,518.954488125747,4.873118791349804,5
Person_132,49,Female,27967.0,USA,Item_A,685.3697723625478,2.4894979719729005,3
Person_133,15,Female,26471.0,Australia,Item_D,373.7168214100997,7.35943716094796,1
Person_134,49,Male,,USA,Item_B,997.2655209045666,5.818129912554911,2
Person_135,51,Male,61568.0,USA,Item_C,,6.717910120374889,8
Person_136,61,Male,80920.0,USA,Item_B,822.7712071261494,2.7683827026059005,1
Person_137,28,Male,72579.0,UK,Item_A,275.4926240674642,2.9057127584717755,7
Person_138,17,Male,94319.0,USA,Item_A,503.148644112562,1.3734759295891572,5
Person_139,15,Male,95388.0,USA,Item_D,576.8811605532022,3.8986078167615674,3
Person_140,19,Female,99364.0,Australia,Item_B,42.332470176650915,6.037701952003075,7
Person_141,40,Female,41817.0,Australia,Item_B,676.3612096021049,8.721414225975959,9
Person_142,28,Female,99148.0,USA,Item_A,826.2268024285036,7.002347027128127,2
Person_143,53,Female,57804.0,Australia,Item_B,194.77354039970575,4.918566910597763,8
Person_144,41,Male,56914.0,Australia,Item_A,615.3489751134042,9.57808102954724,9
Person_145,23,Male,90984.0,USA,Item_B,449.66252133755245,7.473206805182487,3
Person_146,29,Female,36014.0,UK,Item_B,674.5581169768412,9.37148682576295,2
Person_147,29,Male,87695.0,USA,Item_B,,5.748291759449491,7
Person_148,40,Female,33944.0,Australia,Item_A,545.7026866300563,3.3301384731382564,5
Person_149,56,Female,66167.0,UK,Item_D,732.9466976342754,1.4754401772824979,5
Person_150,27,Female,84178.0,Canada,Item_B,279.2350138042167,7.534763663354655,10
Person_151,,Male,95897.0,UK,Item_A,315.38359867458917,2.0917269820498072,5
Person_152,53,Female,53997.0,Australia,Item_A,403.7075702887241,3.7249761544477047,4
Person_153,63,Female,96242.0,UK,Item_B,759.4776335516392,5.792238170955077,5
Person_154,?,Female,25626.0,USA,Item_B,49.88266359021848,6.0797492900177295,4
Person_155,,Male,75114.0,Canada,Item_D,349.2186950572963,6.4052487728842245,6
Person_156,44,Male,26154.0,Canada,Item_A,518.954488125747,2.4962979731473056,4
Person_157,,Female,83133.0,Canada,Item_A,620.9348849843698,4.417636643394839,2
Person_158,37,Male,39877.0,Australia,Item_C,982.6960595334783,6.5547480440527,9
Person_159,53,Male,83646.0,Australia,Item_A,,9.728369781704062,2
Person_160,59,Male,,Canada,Item_D,247.89613221586308,7.548680239297198,9
Person_161,29,Male,20281.0,UK,Item_C,192.78613277389553,9.30343381384562,10
Person_162,57,Male,81627.0,Canada,Item_C,,7.859908524827594,6
Person_163,43,Male,59882.0,UK,Item_C,414.3710255943978,6.325452720031604,9
Person_164,50,Male,49739.0,UK,Item_B,575.8915729881144,2.728210322227101,9
Person_165,27,Male,68689.0,Australia,Item_B,570.0875011071563,7.000170867032617,3
Person_166,46,Male,23726.0,UK,Item_A,349.9528351558678,6.610416093639164,1
Person_167,21,Male,43705.0,Canada,Item_C,583.5213219953184,6.422222534115398,1
Person_168,36,Female,63596.0,Australia,Item_D,762.9698860307295,5.408072811894167,3
Person_169,42,Female,28906.0,USA,Item_B,898.3922071330226,5.75790943590348,5
Person_170,16,Male,70069.0,USA,Item_D,880.5369135216893,4.0099827440629365,3
Person_171,56,Female,84881.0,Australia,Item_D,770.89551760407,5.673814233780728,9
Person_172,59,Female,71112.0,Canada,Item_B,283.16346743674137,2.7780031511063044,9
Person_173,?,Male,36052.0,USA,Item_B,494.72821742974236,8.246569576243392,3
Person_174,42,Male,83437.0,USA,Item_B,33.47067610807319,2.6719925922883703,3
Person_175,42,Male,97231.0,UK,Item_B,491.2691803627748,1.7646966090051976,5
Person_176,58,Female,29110.0,UK,Item_C,992.0431197662568,4.926214237214417,2
Person_177,58,Female,65033.0,Canada,Item_C,737.5765889209453,6.924766955554556,6
Person_178,34,Male,55946.0,Australia,Item_C,133.10238301656165,4.939451424401872,7
Person_179,44,Male,32329.0,Canada,Item_C,667.1862301041979,3.4907871875617773,9
Person_180,25,Male,49794.0,Australia,Item_A,695.0911433871881,6.023540655013966,6
Person_181,,Female,85061.0,USA,Item_C,570.9392063164083,4.1230210187097995,3
Person_182,39,Female,85061.0,UK,Item_B,11.100973254225533,9.395809211139698,5
Person_183,53,Female,51890.0,Canada,Item_D,447.6859643329228,9.303806256432148,4
Person_184,47,Female,46660.0,Canada,Item_C,414.3710255943978,5.521346379748859,5
Person_185,15,Male,,Australia,Item_A,917.2563390867456,3.950955946164327,8
Person_186,41,Male,44860.0,Australia,Item_B,279.2786192909125,7.634191725609751,8
Person_187,27,Male,32411.0,Canada,Item_D,715.015675421799,1.3304164913475998,6
Person_188,55,Male,59310.0,Australia,Item_D,826.1069427768559,5.272921054392861,1
Person_189,17,Female,65033.0,Canada,Item_C,633.7921955930468,4.026910548433001,8
Person_190,53,Female,53320.0,Canada,Item_D,849.6281426654738,9.284822965922992,8
Person_191,20,Male,90587.0,Canada,Item_C,518.954488125747,1.1080272454541429,2
Person_192,22,Male,40609.0,USA,Item_C,134.23143383115917,5.975333881465142,4
Person_193,41,Female,,Australia,Item_B,584.8920937087421,7.6659722295996335,2
Person_194,?,Male,60390.0,UK,Item_B,884.4408654119616,5.365161887716371,4
Person_195,51,Female,21560.0,UK,Item_A,589.7318070338864,1.7686272714644948,10
Person_196,?,Male,40609.0,Australia,Item_B,584.8920937087421,9.75215251025112,7
Person_197,56,Male,25782.0,Canada,Item_B,,5.662093882384881,9
Person_198,58,Male,34571.0,UK,Item_C,927.199159976623,6.527676198871102,8
Person_199,38,Male,68689.0,UK,Item_B,332.9913788607353,3.129488044367566,9
Person_200,29,Male,74253.0,Australia,Item_C,98.97808321879906,5.351482765961235,8
Person_201,46,Male,96329.0,UK,Item_C,279.2350138042167,4.862345427624897,2
Person_202,46,Male,67517.0,Canada,Item_B,338.651789688487,1.6740625780178537,7
Person_203,38,Female,67837.0,Australia,Item_A,800.3102652370948,1.9554431819272051,2
Person_204,55,Female,33025.0,Canada,Item_A,695.0911433871881,8.537252676568972,2
Person_205,63,Female,80545.0,UK,Item_D,,3.1583795698593122,4
Person_206,63,Female,34571.0,UK,Item_D,822.2827086354721,2.7546244434876748,1
Person_207,26,Female,88916.0,Canada,Item_B,,5.544203061251253,5
Person_208,53,Male,63408.0,USA,Item_A,482.5768941411773,7.918724182262617,6
Person_209,16,Male,88056.0,UK,Item_C,270.61487305283106,1.5575186672108914,9
Person_210,17,Female,77716.0,USA,Item_D,820.1966205317399,6.1912712767443026,10
Person_211,,Male,66659.0,UK,Item_C,60.116247546383384,2.0728939855651602,8
Person_212,51,Female,61779.0,USA,Item_D,679.5974571939969,1.3281494574305661,2
Person_213,63,Female,96961.0,USA,Item_B,675.5281804212527,1.4746955694599566,1
Person_214,31,Male,30382.0,USA,Item_A,939.1444856383991,8.507476973875972,2
Person_215,63,Male,75409.0,Canada,Item_D,777.4916113165998,2.061752352652554,7
Person_216,16,Male,88926.0,USA,Item_A,,1.4063622797106277,4
Person_217,16,Female,29847.0,USA,Item_C,405.52359674106543,4.94109898428621,10
Person_218,42,Male,,USA,Item_B,629.0768682549094,8.595941247478223,5
Person_219,37,Female,96559.0,UK,Item_A,,3.361675388403717,7
Person_220,51,Female,97866.0,USA,Item_B,31.845487195467935,4.795413557733248,3
Person_221,46,Female,72130.0,UK,Item_A,171.0342069544303,1.359302793073761,10
Person_222,47,Male,80428.0,USA,Item_C,,5.041706627213883,2
Person_223,15,Male,32201.0,USA,Item_C,230.4493183318541,6.198517725734203,7
Person_224,33,Female,68758.0,Canada,Item_B,627.7585006736925,6.138163483769303,5
Person_225,16,Male,92982.0,UK,Item_C,786.5614184806693,3.9918402295692865,1
Person_226,?,Male,,USA,Item_D,551.2287252514088,3.8397986259682195,1
Person_227,40,Male,65539.0,UK,Item_A,408.00694471935833,1.959612570429381,9
Person_228,46,Female,42443.0,UK,Item_C,915.9101251920501,4.301184885816415,5
Person_229,,Female,72233.0,Australia,Item_D,782.0226751699674,1.8954520198566818,1
Person_230,46,Male,56378.0,Canada,Item_B,193.41765182949047,7.899363502408464,7
Person_231,18,Female,81681.0,Canada,Item_D,391.74161658820003,9.696468679733673,9
Person_232,25,Male,71924.0,Canada,Item_B,846.2192499993221,9.730670110000363,1
Person_233,31,Male,72307.0,Australia,Item_B,354.0436073606171,8.785639894378544,10
Person_234,52,Male,82946.0,Australia,Item_A,260.3295370676101,6.407129344056572,4
Person_235,38,Male,99578.0,Canada,Item_A,98.97808321879906,7.307791275194919,3
Person_236,19,Female,80315.0,Australia,Item_D,260.3295370676101,3.5668522241237266,5
Person_237,48,Female,99364.0,Australia,Item_A,918.0953859119039,6.676933781553585,7
Person_238,20,Female,84965.0,Australia,Item_A,709.1837009297095,5.100845944958897,8
Person_239,,Male,48671.0,Canada,Item_A,203.2148520464639,5.338156057992393,2
Person_240,25,Male,22920.0,Canada,Item_D,570.1920547101142,7.819989043376421,7
Person_241,62,Male,68901.0,Canada,Item_C,651.7511341197676,3.537265200375265,1
Person_242,,Female,34056.0,Australia,Item_A,576.2759195007568,3.8623565052506788,7
Person_243,47,Male,55298.0,Canada,Item_A,492.95597535857235,9.321776120157729,8
Person_244,23,Female,60461.0,Australia,Item_D,295.06588924923255,1.5060186536587503,2
Person_245,20,Female,59279.0,USA,Item_C,497.6433800457646,5.370708685720063,9
Person_246,?,Female,89122.0,Australia,Item_A,171.0342069544303,9.215207203670756,1
Person_247,43,Female,23712.0,UK,Item_B,820.1966205317399,6.493267070363413,6
Person_248,17,Female,88828.0,Canada,Item_D,762.9698860307295,5.9176636679091885,1
Person_249,34,Female,34288.0,Canada,Item_A,695.0911433871881,3.247697613064197,3
Person_250,50,Male,26910.0,UK,Item_A,946.4653975917656,4.089479401580034,6
Person_251,33,Male,81246.0,Australia,Item_B,779.2787927952386,8.668435742242236,3
Person_252,40,Female,23081.0,USA,Item_B,732.9195005796768,6.032963185916123,8
Person_253,17,Female,64139.0,UK,Item_D,23.545590613074296,5.6326797438110185,5
Person_254,33,Male,80545.0,UK,Item_D,679.7189120253984,1.8962174218602603,2
Person_255,34,Female,88099.0,Australia,Item_B,661.5782260545977,1.144253408096108,4
Person_256,46,Female,80920.0,Canada,Item_D,219.1195131582017,9.673166698183442,9
Person_257,?,Male,98301.0,Australia,Item_B,,4.392875505581575,4
Person_258,55,Female,35379.0,UK,Item_A,,6.428917558895539,10
Person_259,47,Female,,UK,Item_B,157.75697504405917,1.7174356586855648,10
Person_260,54,Female,41195.0,Canada,Item_B,155.80280791657,7.148028571507419,8
Person_261,53,Male,56444.0,Canada,Item_C,789.4982385677803,9.393100378353648,5
Person_262,32,Male,20207.0,Canada,Item_B,497.8913886874964,6.180987276976777,10
Person_263,54,Male,45963.0,Australia,Item_B,575.1686426710814,2.135037901378695,1
Person_264,15,Female,48138.0,Canada,Item_C,180.79863817689844,6.23549374726129,7
Person_265,25,Female,61779.0,UK,Item_D,346.5721451553157,7.897124917941872,3
Person_266,42,Male,56378.0,UK,Item_C,896.7330448239503,4.657748829166168,10
Person_267,39,Female,46189.0,USA,Item_A,,8.91853973147321,8
Person_268,64,Female,93861.0,Australia,Item_C,,6.83814658021628,3
Person_269,37,Female,45426.0,USA,Item_A,155.45270434793306,9.093240264602823,1
Person_270,45,Female,84881.0,UK,Item_D,530.2156042823342,6.611547801226035,5
Person_271,44,Female,65379.0,USA,Item_C,940.172903134914,2.181591748043418,2
Person_272,56,Male,81627.0,UK,Item_C,491.2691803627748,3.787225399946702,4
Person_273,,Female,67076.0,USA,Item_D,705.0863795726547,2.8161545342721124,1
Person_274,21,Male,59030.0,Canada,Item_A,974.062409223578,9.179438479451761,9
Person_275,30,Female,62533.0,USA,Item_C,419.99965753350955,7.843600605587344,6
Person_276,40,Male,52117.0,Canada,Item_A,807.6573804115357,7.087585320190055,8
Person_277,62,Female,89350.0,Canada,Item_C,777.4916113165998,3.708696876684595,4
Person_278,63,Male,84977.0,Australia,Item_B,225.71246583047656,2.656402948451922,9
Person_279,16,Female,95713.0,Canada,Item_C,534.6411810609306,7.808059791900206,2
Person_280,15,Male,47766.0,Canada,Item_D,799.7549407147319,5.267421512911717,9
Person_281,62,Female,49371.0,USA,Item_D,,3.032105969355662,5
Person_282,26,Male,75826.0,UK,Item_A,288.79988168457544,6.549597803487476,6
Person_283,19,Female,87278.0,Australia,Item_C,602.5773632855824,1.3630046692460678,3
Person_284,51,Male,70861.0,Canada,Item_A,68.99122637961227,3.9355322871542815,4
Person_285,46,Male,46160.0,Australia,Item_A,463.3497044896876,5.2170129513202115,6
Person_286,,Female,80631.0,USA,Item_B,51.16317024812783,2.3316250069846527,7
Person_287,55,Female,72930.0,Canada,Item_B,997.2655209045666,9.861890298317556,1
Person_288,49,Male,38752.0,USA,Item_D,105.67838594487476,2.8818762813065284,7
Person_289,33,Female,29596.0,Australia,Item_A,838.9934089724492,2.1731781703893898,1
Person_290,62,Male,59891.0,USA,Item_D,,2.8318138649820677,5
Person_291,30,Male,98645.0,Australia,Item_C,676.0369682683421,7.921550198437518,6
Person_292,17,Male,41817.0,USA,Item_A,154.97189403678794,4.829550933446585,2
Person_293,34,Female,63585.0,Australia,,,6.088743457772842,10
Person_294,38,Male,58827.0,UK,Item_C,905.2008584934895,1.1890824128772466,9
Person_295,47,Male,36082.0,USA,Item_C,583.5213219953184,1.309881777159831,10
Person_296,38,Female,20207.0,USA,Item_D,60.116247546383384,5.012429948443145,6
Person_297,25,Female,81332.0,UK,Item_D,241.47470476213346,8.349897188814612,7
Person_298,63,Female,29435.0,UK,Item_C,234.25640977574466,8.967149908368087,10
Person_299,22,Female,68368.0,USA,Item_D,,1.780359108360762,8
Person_300,?,Male,89350.0,UK,Item_C,483.70615940611725,5.845267918909205,10
Person_301,52,Male,29108.0,Canada,Item_A,75.50353694609605,9.219067176513434,1
Person_302,54,Male,49956.0,Australia,Item_A,,4.491754789580977,8
Person_303,?,Male,68908.0,Australia,Item_B,,8.466092482855316,4
Person_304,49,Female,97714.0,Australia,Item_A,755.9373895530008,2.203260889594926,10
Person_305,62,Male,58787.0,Canada,Item_C,882.1632755832609,9.418550407010189,8
Person_306,39,Male,46916.0,UK,Item_D,447.6859643329228,7.762809857781724,6
Person_307,49,Female,39816.0,UK,Item_B,999.5621262179342,9.472009535082115,9
Person_308,39,Male,34716.0,USA,Item_D,313.36849447633784,7.089555101972558,4
Person_309,43,Male,75147.0,UK,Item_C,830.3663770571063,4.270635387994843,2
Person_310,32,Male,87889.0,USA,Item_A,891.4804776467134,9.443630552722501,2
Person_311,?,Male,37633.0,Canada,Item_B,71.77012791229446,3.480100986782606,5
Person_312,32,Male,31005.0,Australia,Item_C,,3.9895526985555927,10
Person_313,16,Male,50027.0,Australia,Item_B,171.38892267673734,7.307275762015663,9
Person_314,49,Female,82046.0,Australia,Item_B,,7.887846695728476,3
Person_315,?,Female,34210.0,UK,Item_A,185.3819879903993,9.364631354642384,8
Person_316,55,Male,75249.0,USA,Item_C,821.8668270350929,2.8432216815058853,4
Person_317,?,Male,56727.0,USA,Item_D,224.16944985451877,8.181982316973016,6
Person_318,47,Female,30805.0,Canada,Item_B,518.954488125747,7.646914480572671,10
Person_319,18,Male,71196.0,UK,Item_B,79.40705824484438,1.574151006282381,6
Person_320,47,Male,49984.0,Canada,Item_D,201.50098952691775,4.485008270891862,3
Person_321,28,Male,75249.0,USA,Item_C,234.25640977574466,3.5448891135408873,5
Person_322,35,Female,84324.0,USA,Item_B,68.99122637961227,3.7404138191862737,3
Person_323,62,Male,,Australia,Item_B,975.5897021442798,9.846521915992307,1
Person_324,34,Female,,UK,Item_B,98.97808321879906,6.784996721319351,7
Person_325,22,Male,80576.0,USA,Item_C,41.42632771925874,7.459085420141497,4
Person_326,21,Female,61991.0,Australia,Item_C,432.1343732336063,9.789558735835083,7
Person_327,17,Female,72161.0,UK,Item_D,361.7665509891488,4.394816042118748,3
Person_328,31,Male,73363.0,Canada,Item_C,140.85786117633302,8.216561516075252,5
Person_329,47,Female,38268.0,UK,Item_C,448.15157247348725,4.910778669740458,5
Person_330,62,Male,30106.0,UK,Item_A,938.5855791195553,8.825803046334817,2
Person_331,26,Female,86549.0,USA,Item_D,60.116247546383384,2.625917871801729,10
Person_332,36,Male,65000.0,USA,Item_B,304.3143322385132,9.529175593578517,2
Person_333,36,Male,51656.0,UK,Item_C,278.91684946162593,2.968945375697917,4
Person_334,,Female,57311.0,USA,Item_B,540.575728063597,3.935984562828384,4
Person_335,44,Male,82046.0,USA,Item_B,66.11362784417705,7.8057301069610245,4
Person_336,52,Male,39169.0,USA,Item_A,811.8251760998703,4.54379627408866,6
Person_337,52,Female,35251.0,Australia,Item_C,819.2337688330483,6.4739023908980196,2
Person_338,59,Male,51656.0,Australia,Item_D,,5.001161509624857,6
Person_339,22,Male,24255.0,UK,Item_C,979.3600395496094,7.6813294338080365,7
Person_340,41,Female,26406.0,USA,Item_B,811.8251760998703,3.0549812713174975,10
Person_341,41,Female,65893.0,Australia,Item_D,717.6057436795063,1.526121885131893,3
Person_342,,Male,72326.0,UK,Item_C,536.9689571919399,3.699364577257596,8
Person_343,35,Male,84324.0,USA,Item_B,665.101495817517,5.268777983815872,2
Person_344,44,Female,36087.0,Canada,Item_B,284.242399082719,2.512180469734107,8
Person_345,47,Female,59110.0,USA,Item_A,233.81828030045705,4.193175606907499,5
Person_346,42,Male,75754.0,USA,Item_A,618.9778491357878,4.599847164642117,2
Person_347,?,Female,52784.0,Australia,Item_A,491.2691803627748,1.5165265931944618,7
Person_348,47,Male,96559.0,UK,Item_B,344.0797361745867,6.249765233657841,2
Person_349,19,Male,62229.0,UK,Item_C,850.9519421634782,8.959090851741587,6
Person_350,62,Male,31871.0,Australia,Item_A,226.5227023203474,2.3656862165774717,10
Person_351,33,Male,81558.0,USA,Item_C,228.29922080129063,6.380272120613626,3
Person_352,18,Male,48044.0,Canada,Item_A,86.03501783127732,6.982652844197617,9
Person_353,49,Female,93794.0,USA,Item_D,181.7610898514718,4.774012123773595,3
Person_354,63,Female,26154.0,USA,Item_D,582.1122015671474,7.30987828627843,3
Person_355,31,Female,50659.0,Canada,Item_A,575.5478652377263,4.696583891419108,5
Person_356,58,Female,92715.0,Australia,Item_B,770.89551760407,5.541735591796914,7
Person_357,42,Male,79560.0,UK,,228.28276302060175,1.0661774009898428,8
Person_358,44,Male,53848.0,Australia,Item_A,581.211796293505,7.225481027212199,7
Person_359,43,Male,85697.0,Australia,Item_B,263.8984304065983,6.95208411050252,9
Person_360,60,Male,90984.0,USA,Item_D,990.2077576259971,1.3456078959371012,5
Person_361,20,Female,21367.0,UK,Item_C,171.16307931416708,4.314250966556198,10
Person_362,49,Male,72188.0,UK,Item_A,661.5211958759271,9.811286567125006,3
Person_363,55,Male,45963.0,Australia,Item_B,91.909467262008,4.786629063117552,6
Person_364,51,Female,43177.0,Canada,Item_A,679.5974571939969,5.517508646186576,5
Person_365,,Female,75826.0,Australia,Item_B,736.8097464512298,9.189371423437468,4
Person_366,43,Female,56451.0,Canada,Item_C,768.8620430594109,7.455356882791808,2
Person_367,63,Female,90135.0,UK,Item_C,598.2994090355112,6.238631180118012,7
Person_368,60,Male,45923.0,Australia,Item_D,754.9436542106293,8.180242132069653,5
Person_369,?,Male,37633.0,USA,Item_B,338.03869654895385,8.77929639810376,4
Person_370,49,Female,27151.0,Australia,Item_B,,5.111992645635402,8
Person_371,47,Male,75099.0,UK,Item_D,850.9519421634782,5.275975284386519,9
Person_372,35,Male,20661.0,USA,Item_D,112.23235878629794,4.474458420866522,9
Person_373,46,Male,30699.0,USA,Item_B,347.0074405531171,9.700355260166145,3
Person_374,37,Female,69815.0,Canada,Item_D,66.4089397273946,7.274496288613154,3
Person_375,47,Male,56321.0,USA,Item_C,226.5267500174738,1.7490075958726505,5
Person_376,17,Female,80233.0,USA,Item_A,804.7828254762555,8.766636609817166,5
Person_377,32,Male,92588.0,Australia,Item_C,240.18093228575287,5.3250394675264126,10
Person_378,39,Male,86077.0,UK,Item_D,587.4198683894311,1.618785157802387,2
Person_379,56,Male,37087.0,Canada,Item_B,618.9778491357878,5.9474552964697995,1
Person_380,45,Female,69666.0,Australia,Item_B,390.76496521898054,4.754478510781318,8
Person_381,17,Male,44611.0,USA,Item_C,322.61541973700105,8.899744643763624,3
Person_382,54,Female,92930.0,USA,Item_B,344.0797361745867,2.835951432484486,1
Person_383,60,Female,46035.0,Canada,Item_D,,8.438181485429645,1
Person_384,38,Female,98339.0,UK,Item_C,412.7367529422063,6.019198220669074,2
Person_385,64,Male,,Canada,Item_B,254.19202964735243,1.4914927289212214,6
Person_386,46,Male,26154.0,Australia,Item_A,770.89551760407,9.74660771192936,6
Person_387,?,Male,30382.0,Canada,Item_A,974.943690088066,5.6135371969287995,3
Person_388,36,Male,75826.0,USA,Item_D,380.97475080230265,3.617891688084242,4
Person_389,37,Female,66857.0,Australia,Item_B,306.9426490792524,5.224661577903323,2
Person_390,16,Female,,USA,Item_D,,8.720720051657402,2
Person_391,41,Female,72233.0,UK,,160.52808175024688,3.7441281194655716,7
Person_392,56,Male,69153.0,USA,Item_A,413.67062395270494,2.734087568380303,1
Person_393,16,Female,80920.0,USA,Item_C,300.41988722659977,2.1616412223779333,7
Person_394,?,Male,36309.0,Canada,Item_B,476.2506499103862,3.6807345855119014,1
Person_395,31,Female,94137.0,USA,Item_D,887.2252477253812,8.020432783360391,6
Person_396,54,Male,78348.0,Australia,Item_D,810.9334038887596,5.244637286757355,3
Person_397,?,Male,,Australia,Item_D,905.2008584934895,3.04733443324186,8
Person_398,23,Female,43312.0,UK,Item_C,218.40187026868952,2.4956649964877426,6
Person_399,57,Female,29956.0,Australia,Item_A,932.2393651663862,3.994565288593412,2
Person_400,62,Female,64843.0,Canada,Item_C,840.7885910304956,9.45931935597138,8
Person_401,53,Female,43821.0,UK,Item_C,557.1356450989807,4.087240413310219,5
Person_402,43,Male,59030.0,Australia,Item_B,732.9195005796768,9.893116683591717,8
Person_403,56,Female,86077.0,Canada,Item_B,88.48748178487983,5.367074101888205,8
Person_404,,Female,43196.0,Australia,Item_B,582.0289797485739,2.612475264611358,6
Person_405,49,Female,53997.0,Australia,Item_A,361.1812711629105,9.020260826141584,2
Person_406,64,Male,73268.0,USA,Item_A,629.0768682549094,5.143198358213442,8
Person_407,39,Male,,Australia,Item_B,585.9192809469748,7.38704209154072,6
Person_408,38,Female,53397.0,Australia,Item_B,599.7230259199142,9.853404248882367,6
Person_409,27,Male,46015.0,Canada,Item_A,239.16046162764513,1.451578152879766,8
Person_410,21,Female,33944.0,Canada,Item_D,584.8387736505377,1.8702510380881043,1
Person_411,50,Male,79474.0,USA,Item_A,797.9671232720674,7.484110673164806,2
Person_412,59,Male,33760.0,Australia,Item_A,731.4902739061409,3.536425029659248,9
Person_413,34,Male,48044.0,USA,Item_A,120.477069957675,2.6587125725508916,8
Person_414,15,Male,93822.0,Australia,Item_B,,1.3542569183775655,7
Person_415,22,Female,80545.0,UK,Item_D,492.3927005590503,1.1966204078758162,7
Person_416,60,Female,86912.0,UK,Item_A,555.6483622972083,7.970370428078118,5
Person_417,30,Female,43888.0,USA,Item_B,134.29429199949232,2.20990084632595,2
Person_418,,Male,23754.0,USA,Item_C,280.9040136821639,5.209485543740358,6
Person_419,26,Female,36029.0,USA,Item_C,651.7511341197676,6.453071336615347,10
Person_420,37,Female,55946.0,Canada,Item_A,385.2500805292047,4.855166205119616,3
Person_421,29,Female,41223.0,Canada,,661.5211958759271,1.243959871026098,4
Person_422,42,Male,55851.0,Canada,Item_D,821.8668270350929,8.05151352329118,10
Person_423,?,Male,84674.0,USA,Item_C,771.7544051412266,1.0946190208748814,2
Person_424,16,Male,85697.0,Australia,Item_C,181.7610898514718,7.857009049397356,2
Person_425,46,Female,80545.0,UK,Item_D,578.2103674083203,9.039740444093104,8
Person_426,37,Female,88576.0,USA,Item_A,557.1356450989807,4.8955592895145505,8
Person_427,36,Female,88926.0,Canada,Item_A,665.2162392628582,5.8198822578801845,10
Person_428,39,Male,68364.0,Canada,Item_D,162.1541324157625,5.292850533558884,6
Person_429,?,Male,69153.0,USA,Item_D,432.1343732336063,4.502877567610949,5
Person_430,36,Female,47083.0,USA,Item_D,389.3832122877792,8.986820818333243,8
Person_431,63,Male,48731.0,Canada,Item_C,620.9348849843698,9.045401596029915,4
Person_432,56,Male,68368.0,Australia,Item_D,989.5566196554058,4.022347281773811,4
Person_433,20,Male,51890.0,Canada,Item_B,480.8402299037882,6.535627786132282,5
Person_434,29,Male,45032.0,Canada,Item_C,209.5130942262497,9.342168059312778,1
Person_435,57,Female,49759.0,USA,Item_A,874.8823434498432,9.658526490472164,1
Person_436,51,Male,97236.0,Australia,Item_A,394.8390843977812,5.580631363798428,2
Person_437,47,Male,,Canada,Item_A,578.5446993393089,5.075423247558941,8
Person_438,22,Male,90476.0,Canada,Item_C,218.21537072293572,3.508248843356732,7
Person_439,58,Male,66486.0,UK,Item_B,781.7215344098229,9.629846858713691,10
Person_440,58,Female,31871.0,USA,Item_D,958.3664013268761,2.2853287402558062,9
Person_441,19,Female,53662.0,UK,Item_D,521.1204662056973,6.218466184429525,5
Person_442,53,Male,50682.0,UK,Item_A,911.4996600422775,3.54295240766775,2
Person_443,18,Male,59532.0,Canada,,598.8989057068904,3.5110746131301696,7
Person_444,20,Male,84157.0,USA,Item_C,,4.644717286385696,8
Person_445,59,Male,88099.0,Australia,Item_B,732.9466976342754,9.989136422340891,7
Person_446,46,Male,42168.0,Canada,Item_D,402.34949924323837,1.4946967615583986,7
Person_447,44,Male,29503.0,Australia,Item_C,,6.206876363831783,5
Person_448,61,Female,95304.0,Australia,Item_D,314.1442528510582,1.7431494223174946,2
Person_449,49,Male,53662.0,USA,Item_A,608.3157265176234,2.3906874699146705,6
Person_450,54,Female,24255.0,UK,Item_D,464.53278305381406,4.956066475956089,4
Person_451,30,Female,45963.0,USA,Item_B,113.40997291914987,5.594141182117972,10
Person_452,27,Male,84178.0,Australia,Item_B,151.57111143906914,3.329131675280716,2
Person_453,64,Female,71112.0,Canada,Item_A,125.19490031285092,3.8481141778697454,9
Person_454,56,Female,77775.0,Australia,Item_B,244.56399165758216,1.7827031823033974,7
Person_455,44,Female,40337.0,Canada,Item_B,842.4996232988781,3.7289780545982545,6
Person_456,33,Female,59922.0,Canada,Item_C,76.56183828965554,9.699025954424897,5
Person_457,31,Female,41675.0,USA,Item_D,284.242399082719,9.502366435052336,3
Person_458,33,Female,51348.0,Australia,Item_A,680.6191985899841,4.013904611232865,10
Person_459,42,Male,88910.0,UK,Item_A,48.99791535589121,6.137685426508854,10
Person_460,40,Female,83449.0,Australia,Item_A,,9.1863585199985,4
Person_461,51,Female,49725.0,Australia,Item_A,645.0894364436892,1.0556544037680702,3
Person_462,40,Female,48082.0,UK,Item_A,771.7544051412266,8.296152133038326,8
Person_463,37,Male,78712.0,USA,Item_B,753.6653655845023,9.535325975100271,3
Person_464,23,Female,90326.0,Australia,Item_C,,1.8219316090020135,7
Person_465,?,Male,36082.0,Australia,Item_A,314.1442528510582,2.4530291742962893,7
Person_466,15,Female,99083.0,Canada,Item_C,903.379243349568,9.646716724942198,7
Person_467,15,Male,53160.0,Australia,Item_C,234.00970570315434,5.837861292763117,7
Person_468,61,Male,75099.0,UK,Item_B,104.40731206027351,1.1277697102455133,2
Person_469,48,Female,39975.0,Canada,Item_A,66.11362784417705,3.3186879888717624,10
Person_470,46,Female,75230.0,USA,Item_B,314.1442528510582,5.0494930684197366,3
Person_471,62,Male,73551.0,Canada,Item_A,350.5181096921087,7.236180199222909,10
Person_472,39,Female,32289.0,UK,Item_B,,7.5984434032311965,9
Person_473,54,Male,51750.0,UK,Item_C,151.57111143906914,9.958793616329105,3
Person_474,59,Male,51890.0,Canada,Item_A,744.2250373176818,3.5876007944538313,2
Person_475,15,Male,87695.0,USA,Item_D,272.8414433547816,5.843980916816277,9
Person_476,30,Male,40103.0,Canada,Item_C,958.055329809862,5.799911930736445,10
Person_477,,Male,30526.0,USA,Item_D,692.1967772107473,4.650807335025138,9
Person_478,19,Female,66167.0,Canada,Item_C,703.6053814305071,2.522457044581782,4
Person_479,36,Male,92909.0,UK,Item_B,620.9348849843698,9.797109068654583,9
Person_480,?,Male,37727.0,Australia,Item_A,992.0431197662568,8.679854679999274,3
Person_481,17,Female,43911.0,Australia,Item_C,49.85542297913978,5.4849972546481345,7
Person_482,26,Male,44022.0,USA,Item_B,767.7097302194603,6.429208804156268,7
Person_483,40,Female,80963.0,USA,Item_A,248.12626932834723,3.045349482036961,8
Person_484,30,Female,66332.0,USA,Item_A,905.3161772439187,5.894083633525722,10
Person_485,51,Female,78576.0,UK,Item_C,185.1279813157441,7.254731198093283,4
Person_486,36,Male,63541.0,Canada,Item_A,245.76518712903936,5.636503255479299,3
Person_487,43,Male,82438.0,UK,Item_C,,9.912566535264471,3
Person_488,28,Male,96957.0,Australia,Item_A,839.7734252387561,6.502074906229535,5
Person_489,42,Female,23081.0,USA,Item_D,226.0254592066505,4.338763413329522,1
Person_490,?,Male,91260.0,Canada,Item_B,871.981570902865,7.949368248542543,10
Person_491,61,Female,76088.0,Australia,Item_D,201.50098952691775,2.5341626042347785,3
Person_492,63,Male,40567.0,Australia,Item_C,267.22985656089645,4.4606423233563985,6
Person_493,44,Female,81272.0,Australia,Item_D,,4.122630553398272,3
Person_494,60,Male,81681.0,UK,Item_C,931.0944359676322,4.886263855969995,5
Person_495,19,Male,68895.0,USA,Item_A,,8.036018433358537,9
Person_496,26,Male,48380.0,Australia,Item_A,,5.357557289470667,2
Person_497,30,Female,79474.0,USA,Item_C,775.0437054684284,8.146130052393666,2
Person_498,40,Female,41817.0,UK,Item_D,575.1686426710814,6.1884001282587935,6
Person_499,40,Male,27424.0,Australia,Item_A,320.73929574987704,4.0786249119179985,6
Person_500,62,Male,51552.0,UK,Item_B,583.5213219953184,8.289808693151251,8
Person_501,35,Female,63934.0,UK,Item_A,,3.1446070349778243,2
Person_502,53,Female,35379.0,USA,Item_B,518.954488125747,3.0194468181981593,9
Person_503,50,Female,56914.0,Australia,Item_D,724.8454035617474,5.540526316493522,2
Person_504,47,Male,81367.0,UK,Item_B,363.03021422634356,3.3476432136588,1
Person_505,44,Female,61424.0,Australia,Item_B,183.3719087290497,1.0817833145609468,10
Person_506,51,Male,62240.0,USA,Item_B,180.79863817689844,6.834677745689214,2
Person_507,37,Female,,UK,Item_B,275.4926240674642,5.5998443932515825,7
Person_508,24,Male,77660.0,USA,Item_A,423.4903258588248,5.009660330438451,8
Person_509,19,Female,29110.0,Australia,Item_B,367.78974127651446,9.702716631564838,5
Person_510,?,Female,42420.0,Australia,Item_A,608.3157265176234,6.140792655666223,6
Person_511,48,Female,37482.0,USA,Item_B,241.47470476213346,8.770884200104462,1
Person_512,45,Female,64413.0,Canada,Item_C,910.0835114130499,2.2550521258464418,6
Person_513,24,Female,27788.0,UK,Item_D,89.30466934350622,6.122858168164849,8
Person_514,?,Male,51822.0,Australia,Item_B,155.45270434793306,8.811816640578126,3
Person_515,46,Female,24114.0,Australia,Item_C,357.7071934752931,6.247951815519082,1
Person_516,15,Female,68244.0,UK,Item_B,347.0074405531171,7.4621276031430135,4
Person_517,19,Female,49371.0,USA,Item_B,163.37605803200822,4.348392110309867,1
Person_518,59,Male,72161.0,USA,Item_B,,1.8320456533335996,8
Person_519,18,Female,86077.0,USA,Item_C,848.4183521846633,5.121102656143643,5
Person_520,30,Male,42612.0,Canada,Item_D,22.768495091630186,4.550314517549718,1
Person_521,38,Female,94744.0,Canada,Item_C,41.42632771925874,8.803541641410526,8
Person_522,30,Female,80603.0,Australia,Item_D,992.6559775328857,3.1959577211722503,9
Person_523,16,Male,62652.0,USA,Item_B,403.8870459872529,9.700608047815972,10
Person_524,63,Female,97794.0,UK,Item_A,389.3832122877792,9.623243078240465,2
Person_525,42,Male,63108.0,Australia,Item_B,28.963930695740377,3.2286847876429485,9
Person_526,46,Male,88926.0,UK,Item_D,402.34949924323837,4.132467599295884,8
Person_527,41,Female,85429.0,Australia,Item_C,662.130462339752,9.060001667864965,7
Person_528,34,Male,99530.0,Canada,Item_B,492.3927005590503,9.699599988064968,3
Person_529,38,Female,90135.0,Australia,Item_C,661.5211958759271,4.990951925524397,2
Person_530,26,Female,65272.0,Canada,Item_C,497.6433800457646,3.8889734107680805,7
Person_531,64,Male,66851.0,Australia,Item_C,963.8451479995842,5.734846119263878,5
Person_532,49,Male,84965.0,USA,Item_B,732.9466976342754,7.189922857291613,6
Person_533,47,Male,69145.0,UK,Item_C,973.3460299331753,3.461270638374818,4
Person_534,47,Male,46431.0,USA,,42.1190115867151,7.6282585715716555,2
Person_535,57,Female,59922.0,Australia,Item_B,,1.4649162140317693,9
Person_536,?,Female,72579.0,Australia,Item_C,850.9519421634782,1.443650434879748,3
Person_537,26,Male,97425.0,Australia,Item_B,234.50489906644924,4.476589346309908,7
Person_538,17,Female,69723.0,Canada,Item_D,731.4902739061409,4.181258728546485,8
Person_539,,Female,,UK,Item_D,618.9778491357878,3.8406989383043704,2
Person_540,47,Female,21969.0,UK,Item_D,169.07278886472673,5.41917786402019,6
Person_541,54,Female,79321.0,Australia,Item_C,899.4026019181945,3.886602240804141,8
Person_542,24,Male,43821.0,Australia,Item_A,995.6132114857809,2.7303212662128273,7
Person_543,57,Male,36052.0,Canada,Item_A,997.2655209045666,3.785225941797408,3
Person_544,58,Female,72307.0,USA,Item_C,971.4393982946029,9.774138455292114,1
Person_545,43,Male,,USA,Item_A,665.1599551469221,4.7000207529536375,6
Person_546,27,Male,96295.0,UK,Item_B,732.9195005796768,5.002414991725022,8
Person_547,26,Male,96329.0,Canada,Item_A,947.6898482712453,6.18890490956026,6
Person_548,45,Female,85095.0,Australia,Item_C,749.6074844577387,9.85006691572804,5
Person_549,60,Female,66659.0,UK,Item_C,104.40731206027351,3.174411487921867,8
Person_550,16,Female,51552.0,Canada,Item_B,896.6072196505204,7.131538994791905,2
Person_551,64,Male,65033.0,USA,Item_D,838.9934089724492,7.443862241875517,1
Person_552,49,Female,25997.0,Canada,Item_C,448.6033692742432,6.465919751137593,1
Person_553,,Female,91308.0,USA,Item_B,189.37144625958197,1.7972050567297968,4
Person_554,31,Male,50015.0,Canada,Item_A,671.1892276338053,7.091850482448188,6
Person_555,,Female,31561.0,UK,Item_A,,1.5768523993255794,9
Person_556,22,Female,81949.0,USA,Item_B,215.46552684364642,6.365283845949072,1
Person_557,43,Male,57311.0,UK,Item_B,152.63799815306757,7.656230594995684,1
Person_558,40,Male,56451.0,UK,Item_C,417.19093234556897,2.898729015579554,5
Person_559,24,Male,95932.0,USA,Item_A,951.930377406461,8.574598067884967,10
Person_560,40,Female,23081.0,USA,Item_B,284.29855721626564,1.2731842497970383,5
Person_561,48,Female,26012.0,Australia,Item_A,306.9426490792524,8.594315772924755,5
Person_562,55,Female,26406.0,Australia,Item_B,419.99965753350955,5.142961455784886,10
Person_563,21,Male,89350.0,Australia,Item_A,,2.9582914593848004,6
Person_564,18,Male,83888.0,UK,Item_D,852.639228071722,2.204003304945712,8
Person_565,64,Female,62533.0,UK,Item_C,473.0044003600283,9.579764508241354,3
Person_566,59,Female,36163.0,Australia,Item_A,836.5977336374597,1.6539902882304105,9
Person_567,25,Male,60390.0,UK,Item_D,463.7403586416997,2.791840779423331,1
Person_568,43,Male,75922.0,UK,Item_A,247.89613221586308,4.1304011268974135,4
Person_569,50,Male,72249.0,USA,Item_A,423.4903258588248,6.582113640650084,9
Person_570,39,Male,64857.0,USA,Item_D,181.7610898514718,5.903209767484886,8
Person_571,35,Female,57846.0,UK,Item_A,589.7080915053689,2.1307914317108256,10
Person_572,50,Male,26570.0,Australia,Item_A,846.2192499993221,3.6075518536439315,9
Person_573,24,Female,67614.0,Canada,Item_C,361.119542935232,3.1487659397742167,1
Person_574,?,Female,32588.0,Australia,Item_D,164.75380100177225,2.9218856904130726,9
Person_575,23,Female,29496.0,Canada,Item_D,529.4882812848178,4.7002990283198836,3
Person_576,38,Male,,Australia,Item_B,28.953419316868313,7.336283073324912,10
Person_577,49,Male,62468.0,USA,Item_A,687.0277873169898,2.9570763899551236,9
Person_578,,Male,31005.0,UK,Item_C,261.9365183020776,4.300109917326832,1
Person_579,49,Male,51890.0,UK,Item_A,978.571239186288,4.5182568415704605,1
Person_580,62,Female,63596.0,USA,Item_A,770.89551760407,9.788108764918691,9
Person_581,50,Male,29596.0,Canada,Item_B,861.1967280635291,9.59199721191162,6
Person_582,32,Male,26638.0,Canada,Item_A,753.6653655845023,8.201238244768684,4
Person_583,63,Female,83888.0,Canada,Item_C,966.08973772155,3.1749302873726664,7
Person_584,53,Male,,USA,Item_C,310.2530319407901,1.6123358268250272,5
Person_585,46,Female,85481.0,Canada,Item_B,349.9528351558678,3.852137239485623,10
Person_586,38,Female,46035.0,USA,Item_A,802.9708933993312,3.4011509449044777,7
Person_587,37,Female,56041.0,Australia,Item_C,958.5368288302394,5.553332201317545,8
Person_588,46,Female,70975.0,Australia,Item_A,66.4089397273946,7.999551190610138,8
Person_589,51,Female,95713.0,USA,Item_A,345.9122146364718,8.724906449909723,1
Person_590,26,Female,54707.0,UK,Item_A,192.9900139675547,8.603776768694576,8
Person_591,63,Female,35577.0,Australia,Item_B,610.7784859847377,4.237080051007609,6
Person_592,27,Female,66413.0,Canada,Item_A,470.6835646000912,7.185109091146146,4
Person_593,37,Male,76088.0,USA,Item_C,279.2350138042167,3.8155077777179804,8
Person_594,39,Male,52556.0,Canada,Item_A,49.88266359021848,1.5481498891166443,3
Person_595,49,Male,92430.0,Canada,Item_C,391.74161658820003,7.314087390426481,4
Person_596,55,Male,30382.0,UK,Item_A,403.7075702887241,1.0884479731280905,6
Person_597,44,Female,69786.0,Canada,Item_C,636.0722939008534,4.682643287126397,7
Person_598,31,Male,59891.0,UK,Item_C,789.4982385677803,3.9644134237186814,4
Person_599,?,Female,84315.0,Australia,Item_A,820.5528271892102,7.240397846669672,4
Person_600,34,Male,85095.0,USA,Item_A,91.909467262008,7.89620925484341,7
Person_601,62,Male,66332.0,Canada,Item_C,209.5130942262497,3.7368517237415544,6
Person_602,39,Male,81246.0,USA,Item_D,662.45495603091,8.304643130003683,8
Person_603,,Female,69145.0,Canada,Item_B,756.3294018828138,3.645250844544404,1
Person_604,27,Male,93800.0,USA,Item_D,366.86976009013836,5.016937239879051,10
Person_605,33,Female,41636.0,Canada,Item_D,955.0202695702227,7.543166743127205,7
Person_606,63,Female,92099.0,Canada,Item_A,990.2077576259971,7.236282063023097,7
Person_607,50,Male,24255.0,Canada,Item_B,459.64182610933904,9.8863162508098,7
Person_608,26,Male,75419.0,Canada,Item_D,891.0142425992339,3.026449217943387,7
Person_609,55,Male,30526.0,Canada,Item_A,665.1599551469221,6.960861221856241,10
Person_610,33,Female,97360.0,Canada,Item_D,105.67838594487476,6.487137174481997,10
Person_611,26,Male,51910.0,Canada,Item_D,403.0222405853994,9.235886090410268,8
Person_612,23,Female,29074.0,Canada,Item_A,,2.4072592748038755,9
Person_613,21,Female,46289.0,Canada,Item_A,842.4996232988781,7.766183472282397,9
Person_614,42,Male,41804.0,USA,Item_A,647.5170136531374,6.114417546418915,2
Person_615,28,Male,22461.0,UK,Item_B,,3.4719928280911487,7
Person_616,45,Female,94172.0,Canada,Item_D,869.7254287074647,5.269914227324567,7
Person_617,33,Female,85838.0,UK,Item_A,482.5768941411773,4.00398937362818,4
Person_618,61,Female,25249.0,Canada,Item_C,321.76926014300676,6.213820625096148,9
Person_619,30,Male,84027.0,Canada,Item_D,,9.001005497331994,8
Person_620,19,Female,41636.0,USA,Item_C,193.87574128513378,6.123744859709818,1
Person_621,49,Male,59214.0,Australia,Item_B,28.963930695740377,6.685501764939256,2
Person_622,26,Female,62092.0,Australia,Item_A,602.5773632855824,5.668730624032385,2
Person_623,39,Female,50682.0,USA,Item_C,314.6931962402176,1.4604895580092832,8
Person_624,35,Male,64638.0,UK,Item_B,588.6976821268636,3.0957270118848483,1
Person_625,50,Female,36014.0,Australia,Item_A,838.9934089724492,5.428015564888745,4
Person_626,37,Male,56877.0,USA,Item_C,201.50098952691775,3.792117553702343,10
Person_627,30,Male,,USA,Item_C,978.571239186288,2.635872379850748,5
Person_628,53,Female,72326.0,Australia,Item_B,91.909467262008,5.537195577265945,9
Person_629,59,Male,56487.0,UK,Item_A,849.6281426654738,3.905288141030653,7
Person_630,56,Male,,USA,Item_A,938.9325713648029,3.3229687885607326,8
Person_631,53,Female,28125.0,Canada,Item_C,228.28276302060175,5.175868756963427,9
Person_632,28,Male,68355.0,UK,Item_C,365.61665951286346,2.1995583227395583,7
Person_633,45,Male,38073.0,UK,Item_C,727.7560155361275,9.349711597678667,5
Person_634,19,Male,21980.0,Australia,Item_A,567.7742808390155,8.809318881273152,5
Person_635,49,Female,80603.0,Australia,Item_B,403.7075702887241,7.368585271664818,10
Person_636,37,Male,24648.0,Canada,Item_B,,1.955924448296106,6
Person_637,43,Female,80315.0,USA,Item_A,109.24310808564786,7.982895290227237,5
Person_638,57,Female,81588.0,Australia,Item_D,,8.271615952981172,9
Person_639,25,Male,57487.0,Australia,Item_B,987.4627969937504,7.9098815594290395,3
Person_640,32,Male,79796.0,UK,Item_C,365.0353661340555,2.0256929840731703,3
Person_641,61,Male,85061.0,Australia,Item_D,,6.795171613609883,7
Person_642,26,Female,48270.0,Australia,Item_D,896.7330448239503,8.508923161744587,7
Person_643,23,Male,24648.0,Australia,Item_B,576.8811605532022,6.1961806109770095,6
Person_644,24,Male,39877.0,Australia,Item_D,835.3075703704206,6.8176663770528005,3
Person_645,58,Male,39816.0,UK,Item_D,260.3295370676101,5.1252713148367555,7
Person_646,31,Male,98213.0,Canada,Item_B,570.9392063164083,5.758365878956473,5
Person_647,52,Male,54068.0,Canada,Item_B,939.097336632013,1.309391725165527,7
Person_648,21,Female,37772.0,USA,Item_D,181.7610898514718,6.750667197759562,2
Person_649,60,Female,56059.0,Australia,Item_C,216.96877996977756,1.7330249160204327,6
Person_650,27,Male,49734.0,UK,Item_A,,4.91513134906201,8
Person_651,54,Male,74691.0,USA,Item_D,677.1005092873046,3.6338958790066704,1
Person_652,56,Male,38639.0,USA,Item_D,988.5367840238463,5.908851551905418,4
Person_653,23,Male,25901.0,Canada,Item_C,824.1573990735008,2.2007470197088637,1
Person_654,64,Female,76492.0,UK,Item_D,313.3988333623921,7.224790617759863,1
Person_655,41,Male,49725.0,UK,Item_D,354.0436073606171,8.155103832356232,10
Person_656,16,Female,76088.0,UK,Item_A,866.9067593404815,2.4701900476884084,8
Person_657,19,Female,66167.0,Canada,Item_A,16.31525297252477,1.9388177861669393,7
Person_658,43,Male,71886.0,Canada,Item_A,587.2989169085877,2.3096393450862323,10
Person_659,51,Female,26012.0,Canada,Item_B,429.10179271166555,8.894148057086515,1
Person_660,52,Female,69230.0,Canada,Item_B,435.6580435820235,5.753703355807206,2
Person_661,33,Female,44858.0,Canada,Item_A,974.943690088066,5.2053489640675235,4
Person_662,22,Female,34291.0,Australia,Item_A,71.4163959924937,1.9604063719211884,1
Person_663,62,Male,46715.0,Australia,Item_B,735.670106150397,6.846004060812656,3
Person_664,59,Male,91966.0,UK,Item_C,432.1343732336063,8.811996327055809,8
Person_665,15,Female,43177.0,USA,Item_D,648.2977960910504,8.453672823911077,8
Person_666,,Male,64064.0,UK,Item_D,483.7430862203273,6.634492380827211,8
Person_667,31,Male,40337.0,USA,Item_A,,1.6775084498650625,6
Person_668,21,Male,23081.0,Canada,Item_C,905.3161772439187,2.011573244584117,6
Person_669,39,Male,94137.0,USA,Item_B,185.3819879903993,1.443780883988422,5
Person_670,59,Male,40581.0,UK,Item_A,331.9590843134492,3.3173129484322237,9
Person_671,18,Female,88619.0,UK,Item_C,974.062409223578,2.2209532044433997,4
Person_672,50,Male,24760.0,USA,Item_C,557.1356450989807,3.3404323622719048,10
Person_673,20,Male,30805.0,Australia,Item_C,665.0505870328972,4.465522501470655,7
Person_674,45,Male,38037.0,Canada,Item_B,866.9067593404815,9.48684505664022,1
Person_675,33,Male,72290.0,Canada,Item_B,,6.493384538035229,9
Person_676,,Female,80703.0,UK,Item_D,241.47470476213346,8.514764071146661,7
Person_677,53,Female,68320.0,Australia,Item_D,816.2429114760737,7.39316350641099,10
Person_678,41,Female,42614.0,USA,Item_C,555.156745646443,2.0125281747396855,9
Person_679,?,Female,57861.0,Canada,Item_C,301.12678755501,7.62328365736554,7
Person_680,40,Male,80428.0,Australia,Item_B,,3.4758899340321197,2
Person_681,33,Female,21239.0,Canada,Item_D,,6.751970622952357,6
Person_682,53,Male,84309.0,Australia,Item_C,598.8989057068904,4.068657762786897,10
Person_683,17,Male,89569.0,Australia,Item_D,263.8984304065983,9.979050369381932,4
Person_684,59,Male,97811.0,UK,Item_D,946.4653975917656,3.3719633154710005,3
Person_685,27,Male,21367.0,Canada,Item_C,401.203744497582,3.512174236968427,2
Person_686,64,Male,45849.0,USA,Item_B,447.6859643329228,9.376050300061586,6
Person_687,42,Female,25439.0,UK,Item_C,873.1939306677004,1.221799641726904,8
Person_688,34,Female,75409.0,UK,Item_C,226.5267500174738,7.270200890858772,6
Person_689,?,Female,68604.0,USA,Item_D,463.7403586416997,7.527937516622903,9
Person_690,22,Female,58714.0,UK,Item_C,869.7254287074647,8.527407196693595,5
Person_691,55,Male,48982.0,Australia,Item_B,408.6766837846146,9.769953795746279,2
Person_692,53,Female,90587.0,Australia,Item_C,586.8873048512347,9.780417272409872,8
Person_693,15,Male,40567.0,Canada,Item_B,434.1733248103075,1.587490818098175,9
Person_694,17,Female,70979.0,Canada,Item_B,611.0639280747412,8.396553904776123,10
Person_695,27,Male,75419.0,USA,Item_D,940.172903134914,6.816789402916432,4
Person_696,42,Male,96559.0,Canada,Item_A,452.24738198593514,6.826079209357821,6
Person_697,,Female,48731.0,Australia,Item_A,822.2827086354721,2.155149339532253,10
Person_698,39,Male,81550.0,USA,Item_D,234.00970570315434,6.85168449801088,8
Person_699,47,Male,43821.0,USA,Item_C,62.237605281006594,9.84234322541123,9
Person_700,52,Female,88910.0,Canada,Item_D,599.7230259199142,9.206367125855023,5
Person_701,20,Male,97576.0,Australia,Item_B,732.9466976342754,4.952175947243655,6
Person_702,58,Female,80428.0,USA,Item_A,220.32280442351822,1.359531759574849,4
Person_703,59,Female,62533.0,Australia,Item_D,143.23050443306667,4.260641410001844,5
Person_704,46,Female,60390.0,Australia,Item_C,518.954488125747,8.437512804404996,7
Person_705,59,Male,66332.0,Australia,Item_D,257.17226321282783,7.313491913186494,9
Person_706,?,Male,86549.0,Canada,Item_A,409.17852685198454,5.134092900345608,10
Person_707,35,Male,98131.0,UK,Item_D,448.3701551783001,1.4959138164294798,6
Person_708,30,Female,50015.0,UK,Item_D,359.5718600490056,4.842052550409724,6
Person_709,35,Male,40103.0,USA,Item_A,434.7717456096393,5.221224457460951,8
Person_710,25,Female,66479.0,Australia,Item_B,400.62659216573456,9.356999796047223,4
Person_711,51,Female,97236.0,Canada,Item_B,42.1190115867151,6.769774932239435,3
Person_712,50,Male,29078.0,Australia,Item_A,,3.80487624989184,7
Person_713,49,Female,93822.0,Australia,Item_D,766.0553466568173,5.727864380056492,5
Person_714,33,Male,21007.0,Canada,Item_A,463.84710989012365,1.5944977703994407,2
Person_715,34,Male,52556.0,UK,,834.039904264385,9.75311412084763,2
Person_716,32,Male,38073.0,Australia,Item_C,244.56399165758216,4.240539117376534,6
Person_717,61,Male,26441.0,Australia,Item_D,665.0505870328972,5.3008061942182225,8
Person_718,,Male,,UK,Item_B,101.43692283026473,4.197555768132304,1
Person_719,63,Female,35251.0,Canada,Item_D,572.050044751744,7.142605571045801,6
Person_720,28,Female,89350.0,USA,Item_A,567.7742808390155,6.960089424966338,2
Person_721,,Female,63596.0,UK,Item_C,896.6072196505204,7.43790079476222,2
Person_722,45,Male,46017.0,USA,Item_A,127.03643606817771,3.4132890665072875,7
Person_723,15,Male,31005.0,USA,Item_C,973.3460299331753,3.841016330476594,10
Person_724,17,Male,54707.0,UK,Item_D,397.9914573144699,2.1272610798658715,1
Person_725,,Female,72290.0,Australia,Item_D,794.6688650770434,6.899589746615013,6
Person_726,37,Male,81788.0,USA,Item_A,910.0835114130499,1.358174146020873,7
Person_727,25,Female,,USA,Item_C,989.5566196554058,6.379141019711131,8
Person_728,26,Female,47490.0,Canada,Item_C,841.7069976548079,8.827262963664705,7
Person_729,24,Male,38743.0,Australia,Item_D,518.954488125747,9.0174893346067,6
Person_730,?,Male,34210.0,USA,Item_A,39.80283348920575,5.041339843329655,9
Person_731,30,Female,42431.0,Canada,Item_C,104.01562247609273,5.133733193917664,3
Person_732,,Male,23754.0,Australia,Item_D,209.5130942262497,1.6927226470721561,6
Person_733,52,Female,69786.0,UK,Item_B,113.40997291914987,7.036885228987321,4
Person_734,26,Male,35577.0,UK,Item_A,189.37144625958197,8.39133478335561,2
Person_735,38,Male,26406.0,Canada,Item_B,941.0989133506085,3.2018954914424174,1
Person_736,42,Female,66413.0,UK,Item_A,134.6956444155647,4.791707934700282,1
Person_737,22,Male,48380.0,USA,Item_D,635.1442046571905,8.549554030887432,10
Person_738,42,Female,46715.0,Australia,Item_C,57.879083938293064,8.894084208960592,3
Person_739,50,Male,91229.0,USA,Item_C,423.96334028117167,3.1886198223780333,4
Person_740,,Female,44858.0,USA,Item_C,109.96832574958349,5.955135710872278,2
Person_741,22,Female,84028.0,UK,Item_A,483.7430862203273,2.7324383557224436,1
Person_742,64,Male,69841.0,USA,Item_D,162.1541324157625,1.916908877256009,4
Person_743,42,Female,,UK,Item_B,315.38359867458917,9.200084512527617,7
Person_744,42,Male,26638.0,Australia,Item_D,596.9117787030291,8.384567538088984,10
Person_745,51,Male,,Australia,Item_B,94.2058216343487,7.840314116228565,6
Person_746,55,Male,66851.0,USA,Item_A,,1.4388968693182638,6
Person_747,50,Female,27967.0,Canada,Item_A,488.3490546805318,8.593559134392317,9
Person_748,41,Female,84106.0,UK,Item_B,961.877401328371,4.942396683148454,2
Person_749,31,Male,45169.0,UK,Item_B,298.54630435885593,4.081556109662737,4
Person_750,23,Male,46160.0,USA,Item_B,536.1403650474123,5.9182872492283884,5
Person_751,47,Female,66332.0,UK,Item_D,347.0074405531171,1.8221791845120023,1
Person_752,34,Male,27099.0,UK,Item_B,434.1733248103075,7.80981894417159,8
Person_753,27,Male,93770.0,Canada,Item_A,,6.241915691994663,8
Person_754,42,Female,88926.0,Canada,Item_A,91.909467262008,2.6793108718585077,6
Person_755,62,Male,32857.0,USA,Item_C,679.5974571939969,2.6940897979214102,5
Person_756,43,Female,31536.0,Canada,Item_B,,2.658237864154068,8
Person_757,27,Male,53160.0,USA,Item_D,999.5621262179342,1.5130214879674058,3
Person_758,60,Female,52556.0,Australia,Item_D,313.36849447633784,6.290186044345163,3
Person_759,49,Male,93297.0,USA,Item_D,447.6130867218123,8.563133598296574,2
Person_760,20,Male,50111.0,Australia,Item_C,198.0367750929853,1.1574839258864973,5
Person_761,32,Female,99364.0,USA,Item_A,647.5170136531374,1.441041804741462,3
Person_762,19,Male,43821.0,UK,Item_D,908.9383599674458,6.154932490182512,3
Person_763,61,Female,48731.0,Canada,Item_A,995.6132114857809,8.375461168474471,6
Person_764,39,Male,29866.0,Australia,Item_C,757.5822812707439,3.9406500151177024,8
Person_765,16,Female,,USA,Item_B,677.2542660642731,4.1465295892695,2
Person_766,,Female,77713.0,Canada,Item_B,318.760641406088,6.367118477470983,4
Person_767,44,Female,25655.0,USA,Item_B,799.7549407147319,3.467916002117323,7
Person_768,64,Female,40022.0,Canada,Item_D,69.3438678526952,1.2394752946991572,1
Person_769,59,Male,92588.0,Canada,Item_B,758.69125350821,7.617056662914365,1
Person_770,19,Male,75419.0,USA,Item_D,295.06588924923255,6.630849216473078,10
Person_771,47,Female,77941.0,Australia,Item_C,209.5130942262497,6.226803991500932,7
Person_772,15,Female,,Australia,Item_C,168.62334496674123,7.675157160926408,7
Person_773,,Female,55046.0,UK,Item_D,712.3444759876351,7.0770775380583375,1
Person_774,46,Male,93445.0,Canada,Item_A,514.7554694549531,2.8529378936048904,1
Person_775,61,Male,36082.0,UK,Item_B,138.382188441993,4.17232942249016,4
Person_776,63,Male,68231.0,UK,Item_B,398.96615780424725,2.134991275107625,5
Person_777,25,Male,28712.0,USA,Item_B,556.842476439062,2.168713120760929,5
Person_778,?,Female,61424.0,USA,Item_D,218.68517053452834,7.085761717208853,4
Person_779,40,Female,56321.0,USA,Item_C,635.1442046571905,8.727400962842484,8
Person_780,39,Female,88910.0,Canada,Item_B,387.1813609317159,9.664593254750251,7
Person_781,36,Male,25249.0,USA,Item_C,663.0933702011696,6.655124057945,9
Person_782,41,Male,90067.0,USA,Item_B,,2.6569119102486125,7
Person_783,63,Male,32857.0,Canada,Item_B,898.9850003793107,1.9508531090403762,10
Person_784,27,Female,68368.0,Canada,Item_D,876.3822824349406,8.31565874383082,1
Person_785,47,Female,70331.0,Australia,Item_A,344.0797361745867,6.208808287239993,7
Person_786,48,Male,71112.0,USA,Item_D,704.7208911384846,6.564565189123479,1
Person_787,,Female,96329.0,USA,Item_B,544.8935664724041,8.033158798792384,7
Person_788,49,Male,93800.0,USA,Item_B,941.4713678636123,7.329495049592064,10
Person_789,15,Male,54171.0,Australia,Item_A,306.9426490792524,8.51012427570487,8
Person_790,35,Female,97714.0,USA,Item_C,915.9101251920501,1.5059251491389063,9
Person_791,62,Male,22023.0,Australia,Item_C,386.1792881757407,7.727685730718544,3
Person_792,20,Female,62823.0,UK,Item_B,958.055329809862,8.657674815898858,4
Person_793,42,Male,99671.0,Australia,Item_C,443.79682711586105,3.575215382124829,4
Person_794,31,Female,53142.0,UK,Item_B,648.2977960910504,6.764025465939276,9
Person_795,19,Female,52196.0,USA,Item_A,169.7536848044993,3.827458574532749,7
Person_796,45,Female,25997.0,UK,Item_A,,9.621739598342087,3
Person_797,19,Male,89350.0,Australia,Item_B,561.4701081422847,1.300812151919534,10
Person_798,52,Male,53174.0,Canada,Item_A,,6.218135594496595,5
Person_799,17,Female,51585.0,UK,Item_D,633.7921955930468,2.498531923445636,7
Person_800,37,Female,57643.0,UK,Item_D,332.9913788607353,7.4099818465944285,8
Person_801,51,Male,49856.0,USA,Item_A,94.2058216343487,2.583012550767959,1
Person_802,?,Male,46806.0,Australia,Item_B,288.79988168457544,3.1184493570852183,2
Person_803,24,Male,,UK,Item_B,933.2293296351189,5.449337299411823,7
Person_804,24,Female,,UK,Item_A,162.36090564683593,9.233514549971902,2
Person_805,33,Male,39508.0,UK,Item_C,125.19490031285092,2.9054293493317376,7
Person_806,?,Male,22920.0,UK,Item_D,544.8935664724041,2.298160190062932,9
Person_807,35,Female,29715.0,Canada,Item_C,,7.830791486686276,2
Person_808,28,Male,64064.0,Australia,Item_B,805.7668415786404,5.505575791005379,7
Person_809,23,Male,50015.0,USA,Item_B,,9.206066011435942,4
Person_810,60,Male,20956.0,USA,Item_C,438.4437694984007,2.3195310144385806,2
Person_811,15,Female,88099.0,Canada,Item_A,611.0639280747412,6.813351037207354,7
Person_812,59,Female,53397.0,Australia,Item_C,,3.0959123153663355,5
Person_813,27,Female,31556.0,UK,Item_C,303.3625438808021,2.4108438578647537,1
Person_814,18,Female,51910.0,Canada,Item_D,770.89551760407,7.150864736415435,5
Person_815,15,Female,29847.0,Australia,Item_D,296.54512640329307,6.343161579178599,3
Person_816,63,Female,26910.0,UK,Item_C,694.1452546118692,7.793447125260981,7
Person_817,54,Female,72233.0,Canada,Item_C,,3.785163188015641,6
Person_818,46,Male,92430.0,Australia,Item_B,807.3780060069864,5.03174490743971,8
Person_819,48,Male,73625.0,USA,Item_D,607.4935184361098,4.6492450869737665,5
Person_820,42,Female,69841.0,USA,Item_D,398.172641135527,9.856805175698629,2
Person_821,45,Male,84106.0,Australia,Item_B,583.5213219953184,3.630240610654491,9
Person_822,22,Male,72130.0,USA,Item_A,507.40301429471265,3.653355145120902,8
Person_823,53,Female,57650.0,Australia,,313.36849447633784,4.190933879457466,6
Person_824,40,Male,24114.0,UK,Item_D,680.6636905160116,6.081346731612894,10
Person_825,48,Male,64413.0,Australia,Item_A,248.12626932834723,3.270904698373707,7
Person_826,17,Male,77775.0,UK,Item_D,283.16346743674137,9.237609463413465,9
Person_827,64,Male,37347.0,Canada,Item_D,,3.3911700837963714,7
Person_828,26,Male,33507.0,Australia,Item_A,44.32597718380572,9.062341584041752,3
Person_829,15,Female,31653.0,Canada,Item_A,270.61487305283106,1.9312755728192619,6
Person_830,58,Female,37087.0,USA,Item_C,497.6433800457646,6.909064321596871,7
Person_831,19,Female,71612.0,UK,Item_B,79.40705824484438,9.162869665944193,2
Person_832,44,Male,45227.0,Australia,Item_B,371.1742455057207,2.518744945584066,3
Person_833,44,Female,83646.0,Canada,Item_A,204.4550237132972,9.714942640893295,4
Person_834,31,Male,35313.0,UK,Item_A,905.3161772439187,5.075950243739605,10
Person_835,62,Male,69153.0,UK,Item_D,737.5765889209453,9.51143597596922,6
Person_836,61,Male,91626.0,USA,Item_C,361.3487066516885,7.091380392670423,1
Person_837,37,Male,43387.0,USA,Item_C,179.2270383966398,3.7142818288619637,9
Person_838,29,Female,43821.0,UK,Item_A,,2.6947227242539578,5
Person_839,51,Female,37482.0,UK,Item_D,612.236305007694,3.7336154160258945,7
Person_840,35,Male,49257.0,Australia,Item_D,494.49861203252283,1.837156683364075,9
Person_841,28,Female,46984.0,UK,Item_B,315.38359867458917,2.294811697089968,9
Person_842,16,Male,73268.0,Australia,Item_B,220.32280442351822,1.9419439631183302,1
Person_843,,Female,30754.0,UK,Item_D,,4.8064918936740195,1
Person_844,,Female,61568.0,USA,Item_B,988.5367840238463,8.160205386318278,3
Person_845,52,Male,66804.0,Australia,Item_A,545.7026866300563,2.2724519879470617,6
Person_846,48,Female,28712.0,Canada,Item_D,,2.172883898551023,2
Person_847,52,Male,92909.0,USA,Item_B,977.5071332407829,6.790860545655977,10
Person_848,64,Female,37772.0,Australia,Item_C,,2.7746468377125963,1
Person_849,48,Male,31005.0,Australia,Item_D,241.47470476213346,1.8784903429809243,1
Person_850,32,Male,47766.0,Canada,Item_D,652.2777322977921,2.5016372038501986,5
Person_851,44,Female,61779.0,Australia,Item_C,839.8481168709826,9.313582562890986,4
Person_852,,Female,75204.0,UK,Item_A,68.99122637961227,8.393241274985717,1
Person_853,41,Male,51010.0,Canada,Item_C,234.50489906644924,4.186581061195847,4
Person_854,48,Female,48141.0,USA,Item_D,581.211796293505,6.9023869059465355,3
Person_855,52,Female,83646.0,USA,Item_A,584.8387736505377,5.835481063012343,2
Person_856,47,Male,53062.0,UK,Item_B,109.24310808564786,7.094118371343075,9
Person_857,38,Male,92715.0,USA,Item_B,814.3490828337299,7.1440403721648345,1
Person_858,29,Female,89967.0,Australia,Item_B,,6.658606135539936,7
Person_859,44,Male,33395.0,Australia,Item_D,127.52200455402034,3.3949123168357773,4
Person_860,56,Male,57643.0,UK,Item_C,492.3927005590503,1.351057786865363,5
Person_861,31,Male,41288.0,USA,Item_A,234.50489906644924,5.10010103791098,10
Person_862,19,Female,59891.0,USA,Item_B,929.8532700395705,9.018764962216334,5
Person_863,43,Female,94319.0,UK,Item_A,997.7718951200986,6.125475326667183,1
Person_864,18,Male,72161.0,Canada,Item_D,,8.491519375317171,6
Person_865,24,Female,29074.0,USA,Item_B,447.6859643329228,9.924619086651052,9
Person_866,31,Male,40022.0,Canada,Item_D,48.99791535589121,2.4725458372444864,2
Person_867,24,Female,64976.0,USA,Item_C,575.8915729881144,7.225998752277841,7
Person_868,?,Male,84429.0,USA,Item_D,968.0838506168664,7.068642163300222,6
Person_869,34,Male,,USA,Item_D,474.4161389371029,9.819599026224505,5
Person_870,38,Female,53174.0,USA,Item_C,408.00694471935833,9.870406605575203,4
Person_871,19,Male,65379.0,Australia,Item_A,275.4926240674642,7.1801075055171655,4
Person_872,48,Female,51910.0,Canada,Item_C,185.3819879903993,3.1925331278397486,6
Person_873,20,Female,54084.0,Canada,Item_C,,8.187002543175392,4
Person_874,16,Male,46589.0,USA,Item_D,332.9913788607353,1.963262207899343,5
Person_875,27,Male,80233.0,USA,Item_A,234.00970570315434,8.026293737544659,6
Person_876,57,Female,58714.0,Canada,Item_B,560.6287857037115,9.191765117302268,5
Person_877,57,Male,23081.0,Australia,Item_C,987.4627969937504,4.4455005529159175,7
Person_878,,Male,29503.0,UK,Item_A,298.54630435885593,6.675717654847724,9
Person_879,25,Male,36163.0,UK,Item_C,905.3161772439187,4.871284588871436,10
Person_880,,Male,26570.0,Canada,Item_C,228.28276302060175,4.939885494893156,7
Person_881,37,Male,99973.0,USA,Item_C,247.89613221586308,3.7933380019730807,7
Person_882,30,Female,85697.0,USA,Item_C,762.5593204922575,7.859166584052922,4
Person_883,45,Female,71196.0,Australia,Item_D,409.1756785719197,9.425589077498547,1
Person_884,25,Male,55298.0,UK,Item_A,,9.46675773311015,8
Person_885,30,Male,51010.0,Australia,Item_A,519.3167144624952,2.5730315638744043,4
Person_886,22,Male,90316.0,UK,Item_A,42.1190115867151,8.872692846909095,1
Person_887,18,Female,37633.0,Canada,Item_C,377.75258999813303,7.6368829728440994,5
Person_888,54,Male,57643.0,UK,Item_D,971.2308471085723,3.2755366062126035,8
Person_889,,Female,92595.0,Australia,Item_C,631.0556457397712,1.605561516293631,4
Person_890,39,Female,55643.0,Australia,Item_C,737.0220197272962,3.4119754019594017,8
Person_891,17,Female,93965.0,Australia,Item_A,807.3757426155194,9.20987413103373,8
Person_892,?,Male,58787.0,Canada,Item_C,120.477069957675,6.6986080740619505,3
Person_893,17,Female,27151.0,UK,Item_B,49.737470494512856,7.489491948080847,9
Person_894,41,Male,48044.0,UK,Item_C,922.0944370908458,3.314371159981863,3
Person_895,43,Female,43225.0,Australia,Item_B,42.1190115867151,7.474493400173382,1
Person_896,46,Male,84965.0,UK,Item_C,579.6055813978076,1.2530935565013137,2
Person_897,64,Female,75409.0,USA,Item_D,682.8368505711921,4.377892111957124,6
Person_898,33,Male,32289.0,USA,Item_D,178.03114429115394,6.640780136880981,10
Person_899,35,Female,50682.0,USA,Item_A,540.575728063597,2.3148690898718822,2
Person_900,19,Male,73268.0,UK,Item_C,385.2500805292047,8.407032170022411,6
Person_901,32,Male,66479.0,Canada,Item_B,572.050044751744,3.1152816893072677,1
Person_902,42,Male,84027.0,Canada,Item_B,309.395316165751,6.8705300153660165,1
Person_903,56,Male,90984.0,Canada,Item_C,974.943690088066,4.646774283177967,5
Person_904,36,Female,83483.0,Canada,Item_B,717.5716451670156,6.364392359298825,10
Person_905,35,Female,66881.0,USA,Item_D,89.38488924399216,1.967054973660173,9
Person_906,20,Male,89569.0,USA,Item_B,846.6696429810744,1.1522151992944658,8
Person_907,?,Female,68713.0,Australia,Item_A,70.83182722947963,9.186079846422711,3
Person_908,,Male,,UK,Item_D,448.15157247348725,3.426670078904645,3
Person_909,55,Male,51860.0,UK,Item_D,354.0436073606171,8.37709302502413,1
Person_910,26,Female,68231.0,Canada,Item_D,237.52845853964223,9.994152704249801,3
Person_911,40,Male,74093.0,USA,Item_C,489.1803667843101,2.9028813219902005,1
Person_912,60,Male,24648.0,Canada,Item_C,692.4173079816634,3.3865366706502003,8
Person_913,48,Female,84946.0,Australia,Item_D,592.4686987733218,6.9657380887119915,1
Person_914,,Male,80112.0,UK,Item_C,155.80280791657,9.689037711405591,5
Person_915,28,Male,98645.0,UK,Item_B,443.79682711586105,9.242329133716694,9
Person_916,40,Male,37778.0,Canada,Item_C,803.4313184607241,5.525879680590264,7
Person_917,59,Male,78576.0,Australia,Item_C,,8.155992542740522,4
Person_918,41,Female,75506.0,UK,Item_D,,2.2217126778991094,9
Person_919,,Female,46160.0,Australia,Item_A,975.5897021442798,9.79694365783611,9
Person_920,40,Female,69268.0,Australia,Item_A,463.84710989012365,9.679179106323879,2
Person_921,61,Male,80112.0,Canada,Item_A,666.8883579743177,2.4735606209125387,10
Person_922,36,Male,68604.0,USA,Item_B,762.5593204922575,3.6948081232279595,10
Person_923,61,Female,82768.0,Canada,Item_C,880.5369135216893,1.9013949775609023,6
Person_924,44,Male,49759.0,USA,Item_A,691.1651015033875,3.4454583900836173,4
Person_925,57,Male,29496.0,Australia,Item_D,409.1756785719197,8.34360210473686,8
Person_926,62,Male,83888.0,USA,Item_A,971.2308471085723,4.404840464487336,7
Person_927,31,Male,21980.0,Australia,Item_A,76.34637237369787,1.7955727043208254,7
Person_928,40,Female,75099.0,UK,Item_C,662.45495603091,4.080029723010141,10
Person_929,50,Female,36052.0,UK,Item_C,884.4408654119616,9.83245000817152,9
Person_930,15,Female,55144.0,UK,Item_C,463.84710989012365,6.667152357332826,5
Person_931,22,Male,51890.0,Canada,Item_B,,4.7454485176554195,6
Person_932,?,Female,47208.0,Canada,Item_B,267.22985656089645,2.49884662147543,1
Person_933,49,Female,77713.0,Australia,Item_A,850.9519421634782,9.875591175553254,6
Person_934,29,Male,48602.0,UK,Item_C,164.63949285129328,8.387641083368159,2
Person_935,61,Male,26540.0,Canada,Item_A,987.4627969937504,3.5332957220582744,6
Person_936,36,Female,66413.0,UK,Item_D,929.8532700395705,1.6306182614907052,9
Person_937,28,Female,60108.0,Canada,Item_D,829.2775217513065,1.5096300163980223,8
Person_938,40,Female,27421.0,USA,Item_C,263.8984304065983,2.0834033455498044,9
Person_939,42,Female,79796.0,USA,Item_C,152.03476244783985,6.226917252529795,10
Person_940,37,Male,35251.0,UK,Item_D,557.1356450989807,9.358870790849432,8
Person_941,28,Female,23191.0,Australia,Item_C,164.63949285129328,5.470690852053861,3
Person_942,38,Female,64738.0,Canada,Item_B,629.3942815330037,8.586509342105774,8
Person_943,16,Male,72307.0,Canada,Item_B,434.7717456096393,5.01297957873827,6
Person_944,59,Female,23093.0,USA,Item_C,185.3819879903993,7.377251911910427,6
Person_945,40,Male,95897.0,USA,Item_D,134.6956444155647,7.586854635578508,6
Person_946,28,Male,61621.0,Australia,Item_A,482.6420275855502,2.5656733531300477,3
Person_947,21,Male,20281.0,Australia,Item_C,266.0056752234362,4.250944530782306,10
Person_948,,Female,87364.0,Australia,Item_C,582.7075831470368,6.735719408842215,1
Person_949,61,Female,74823.0,UK,Item_A,938.9325713648029,1.6362694736592958,4
Person_950,37,Male,25704.0,USA,Item_C,,4.253861689866609,10
Person_951,60,Female,64638.0,UK,Item_A,228.29922080129063,5.8131951965307325,6
Person_952,,Female,97425.0,USA,Item_D,645.0894364436892,9.966020437401749,10
Person_953,61,Male,45426.0,USA,Item_B,91.909467262008,5.270802063601966,2
Person_954,59,Male,35577.0,Canada,Item_D,336.9818208270636,8.344510814028911,7
Person_955,32,Female,63934.0,USA,Item_B,675.5281804212527,4.88860556559956,7
Person_956,52,Male,35379.0,USA,Item_A,507.40301429471265,8.16751650357738,4
Person_957,49,Female,20207.0,UK,Item_B,201.50098952691775,6.358733214580976,4
Person_958,29,Female,51890.0,USA,Item_D,434.7717456096393,8.979358973521585,1
Person_959,39,Female,98714.0,UK,Item_B,921.532253839209,4.698482971150989,2
Person_960,51,Female,35251.0,Australia,Item_A,731.6498081041057,6.43873977839331,9
Person_961,42,Male,68231.0,USA,Item_B,279.2350138042167,6.670168125569447,10
Person_962,24,Male,56224.0,USA,Item_C,935.088708365907,4.7564464762042595,8
Person_963,53,Male,94696.0,UK,Item_D,232.075373264991,2.2988083931873335,8
Person_964,?,Male,68320.0,Australia,Item_C,333.52675879919957,1.84203466221102,9
Person_965,53,Female,82539.0,Canada,Item_A,740.0518249129705,1.150043955396698,7
Person_966,36,Female,71924.0,Australia,Item_B,278.91684946162593,8.86180837820693,9
Person_967,40,Male,24255.0,UK,Item_C,218.21537072293572,3.128274210148251,10
Person_968,58,Female,70108.0,Australia,Item_C,341.9262595775128,2.9035607435359125,2
Person_969,39,Female,69930.0,UK,Item_B,,7.62431860383459,6
Person_970,31,Female,98916.0,UK,Item_B,226.5267500174738,3.8801450177865258,3
Person_971,27,Male,76849.0,Canada,Item_D,838.9934089724492,5.554402231706529,6
Person_972,34,Male,77784.0,USA,Item_C,867.4405299240564,2.4625995876771065,3
Person_973,,Male,47723.0,UK,Item_C,753.6653655845023,9.637711493157724,8
Person_974,18,Female,60461.0,UK,Item_A,435.6853619798491,8.664232600155136,4
Person_975,24,Male,,Canada,Item_D,963.8451479995842,8.774106606685029,10
Person_976,17,Male,96367.0,UK,Item_A,931.0944359676322,4.660963737148046,6
Person_977,55,Male,66659.0,USA,Item_C,320.7367417552458,7.8612509233645556,9
Person_978,59,Male,88576.0,Canada,Item_A,540.575728063597,2.2948853985080215,2
Person_979,32,Male,87364.0,USA,Item_C,935.088708365907,1.0775710233260225,2
Person_980,61,Male,88760.0,USA,Item_C,492.95597535857235,1.1797563932022532,7
Person_981,50,Female,71612.0,Canada,Item_A,242.08134401139955,6.279415636641044,2
Person_982,61,Female,69930.0,UK,Item_A,330.2951083606366,5.098554147231467,2
Person_983,36,Male,77716.0,USA,Item_B,545.9606766983638,5.662138140176678,4
Person_984,48,Male,71501.0,USA,Item_B,,1.0671682637549746,9
Person_985,61,Female,33760.0,USA,Item_B,583.5213219953184,4.804179576916831,8
Person_986,22,Female,28711.0,USA,Item_C,,7.462613450807748,2
Person_987,54,Male,48082.0,Canada,Item_A,181.7610898514718,4.984243317706923,8
Person_988,63,Male,84028.0,Canada,Item_D,463.84710989012365,7.58997285681,4
Person_989,58,Male,58827.0,Australia,Item_C,810.9334038887596,3.097170679571513,2
Person_990,33,Male,80315.0,Australia,Item_D,338.651789688487,8.318278040335528,10
Person_991,56,Female,83530.0,USA,Item_A,618.9778491357878,6.295881164081071,7
Person_992,55,Male,49794.0,UK,Item_C,782.0226751699674,2.896867894869156,6
Person_993,51,Male,56224.0,USA,Item_D,873.1939306677004,3.1304842826844963,10
Person_994,20,Male,72161.0,UK,Item_D,,6.652274181125834,5
Person_995,40,Male,95897.0,USA,Item_B,322.0870403029563,8.46945633891199,1
Person_996,48,Female,68689.0,Australia,Item_B,109.96832574958349,4.740650038262396,2
Person_997,59,Female,34210.0,Australia,Item_B,582.7075831470368,3.32470386214833,8
Person_998,20,Female,62240.0,UK,Item_C,417.19093234556897,8.803104462195403,1
Person_999,51,Male,74253.0,USA,Item_A,740.0518249129705,7.023414625757514,3
