Income,Age,CreditScore,LoanAmount,EmploymentYears,Defaulted,InterestRate
45795,40,646,245344,16,0,8.515142387346767
30860,35,828,157341,16,0,5.787227200366566
84886,40,478,424535,16,1,9.345306406910709
36265,30,481,190403,10,0,10.0
67194,56,324,360973,31,1,10.0
74131,55,479,376745,32,0,10.0
90263,54,800,490165,30,0,6.822191205201413
46023,38,460,279901,19,0,10.0
71090,39,476,357375,17,0,10.0
97221,37,584,504545,19,0,8.203646793550979
94820,60,362,513785,40,1,10.0
30769,33,455,179860,17,0,10.0
89735,34,768,481995,12,0,7.440336366923685
92955,50,348,490066,29,1,10.0
94925,20,383,511304,3,1,10.0
97969,22,660,516134,3,0,8.237586638148324
35311,35,447,179944,19,0,10.0
83707,42,641,444218,25,0,9.051641929961459
58693,30,775,307094,11,0,8.212594180994493
55658,31,362,303116,6,1,10.0
48431,29,659,277353,11,0,8.718349202948149
32747,51,626,190365,29,0,8.136195265519481
89150,35,440,478976,12,1,10.0
95725,27,514,524788,8,0,9.787864973376672
65773,57,734,361840,34,0,8.604010659263075
97435,31,617,488074,13,0,9.047054545392934
86886,43,331,446083,23,1,10.0
96803,47,584,511976,26,0,8.388191569775866
61551,27,604,324160,5,0,8.26249365746987
41394,47,728,215571,29,0,7.17063385990247
99092,55,776,529122,37,0,6.741933322680596
33890,45,585,202732,20,0,9.851232115682276
71606,27,443,379318,10,0,10.0
40627,47,723,232680,26,0,7.816781822748732
38792,47,318,230837,25,0,10.0
73001,56,317,411031,36,1,10.0
53897,60,670,284798,40,0,8.745628606416968
98148,55,474,506089,31,1,9.395336723800003
53483,46,493,274594,28,0,10.0
78555,36,801,403101,17,0,7.077076434685292
47159,28,412,280350,3,0,10.0
65920,52,413,331160,31,0,10.0
97121,39,521,499217,19,0,9.759392574260094
99479,32,563,515045,10,0,8.701549080326552
49457,47,354,274030,23,1,10.0
96557,48,757,514675,26,0,8.129950742961324
82995,32,461,434997,7,1,10.0
70757,54,679,358565,35,0,8.134591122001215
39692,25,386,216771,1,0,10.0
75758,37,354,407170,13,1,10.0
95697,24,775,523147,7,0,7.340863738813811
67065,44,477,337681,23,0,9.354546211763772
62606,21,690,317820,0,0,8.125005297540664
41534,29,648,234581,12,0,9.132807234465679
70397,49,307,401443,32,1,10.0
31016,64,612,179443,39,0,7.983913155108536
85591,24,742,448004,1,0,8.152556398768066
53247,52,627,276416,30,0,8.13272756427195
54300,20,353,311325,1,1,10.0
39268,37,538,212422,21,0,8.949412706864592
42185,51,528,211586,29,0,9.380430129742994
93704,30,350,505932,6,1,10.0
69099,40,563,393974,21,0,9.408771719007875
38571,45,717,195775,25,0,7.239762548301425
68044,44,395,365878,21,1,10.0
81214,41,387,454840,21,1,10.0
91228,46,377,470165,26,1,10.0
78984,32,587,403866,11,0,8.607592422763078
70774,52,419,382576,30,0,10.0
32568,53,790,208340,37,0,8.069979312281749
92592,60,751,501964,35,0,8.034024952619982
97563,54,799,504124,38,0,6.064334842451119
32695,20,464,209761,0,0,9.490409182520983
78190,40,481,424070,16,1,10.0
35258,25,768,206317,2,0,8.13844041172312
69504,47,306,354525,29,1,10.0
63159,36,629,362599,20,0,8.70562501606858
43986,24,450,269240,4,0,9.71094739991326
91858,50,384,460246,27,1,10.0
42666,24,446,248169,5,0,10.0
68660,57,680,351895,35,0,7.960840015015124
33561,22,847,215713,5,0,7.0812237018506545
56854,42,584,297073,21,0,10.0
94505,56,381,498488,33,1,10.0
82251,56,813,447476,32,0,6.916659262389482
52662,29,822,302753,5,0,6.354275916169151
38392,29,685,225683,6,0,8.73570883806768
60535,38,770,341738,14,0,7.455186731762315
82256,36,418,459969,14,1,10.0
65222,40,695,341392,16,0,8.64582831923179
93335,33,831,471378,17,0,6.48194094532491
40965,28,560,211388,11,0,10.0
54538,20,555,298539,0,0,9.516057734492279
38110,64,525,222410,40,0,9.065909645670697
57266,32,352,317915,12,1,10.0
82992,23,799,436975,0,0,7.596522700876509
36910,20,805,196553,0,0,6.583523354135052
30206,59,663,194615,34,0,9.084358513997508
53419,51,579,294053,31,0,10.0
80636,53,457,429197,31,1,9.983808974755618
80015,47,358,411246,24,1,10.0
84268,50,427,466690,27,1,10.0
48141,27,414,252906,10,0,10.0
86044,58,508,459646,38,0,9.288449678476052
97214,45,825,503848,28,0,7.537979420015741
63827,53,820,364376,32,0,7.108585104649924
85820,22,536,471329,0,0,8.944208566444546
92623,31,580,484231,13,0,9.080646836736697
52299,20,658,309859,0,0,8.650596050139605
73585,63,500,401222,39,0,9.166928169978767
94044,24,577,489562,2,0,9.994832736814677
72557,49,534,390275,32,0,10.0
79080,49,793,415375,27,0,7.0804135471532765
32693,36,303,190188,14,0,10.0
99163,42,741,519094,18,0,7.425521958550199
55939,34,328,292460,14,1,10.0
78925,56,408,441303,32,1,10.0
72941,40,374,376266,21,1,10.0
51834,33,445,301069,10,0,9.881909790591571
48047,21,427,240760,0,0,10.0
56105,30,341,303386,9,1,10.0
45707,58,655,277688,35,0,7.774466811564958
51976,57,340,293022,33,1,10.0
74262,53,333,398226,37,1,10.0
53776,57,316,313845,40,1,10.0
60080,53,452,305048,29,0,10.0
96842,37,677,519343,13,0,9.010516106035604
91373,49,641,487388,31,0,7.748813169286059
36776,34,326,212932,17,0,10.0
85016,46,586,459494,27,0,8.514823888195165
39474,53,467,230151,30,0,10.0
88053,57,567,444864,40,0,9.968127027723312
51959,52,754,294841,29,0,7.541587509971089
35530,43,700,224714,22,0,8.420485597246623
33748,34,775,204663,17,0,6.878700226367497
43545,49,429,258814,26,0,10.0
96199,61,662,484809,40,0,9.023273795420943
64766,36,591,369723,11,0,9.008530394346428
91087,24,670,491419,2,0,8.015596530650884
98840,48,328,520816,26,1,10.0
84384,23,448,424033,4,1,10.0
81005,29,595,448031,11,0,8.720416094741747
76576,36,310,396640,11,1,10.0
69353,29,811,368692,8,0,7.314028040661562
92003,36,412,480954,17,1,10.0
82733,39,486,446084,17,1,9.341274957047068
95318,43,526,489178,21,0,9.21974822551189
53664,24,609,304462,2,0,8.193943979521988
97172,53,397,525058,33,1,10.0
56736,25,354,328418,6,1,10.0
30854,21,705,187667,0,0,8.447652673926614
68623,32,368,359768,11,1,10.0
37392,62,611,197791,40,0,9.131857134956864
85680,62,588,434124,39,0,8.824749893219309
76717,30,847,394668,11,0,7.212895106169519
80859,42,447,450212,22,1,10.0
56309,35,766,301361,16,0,8.29820987603031
93734,50,543,510910,29,0,9.838284276591473
82662,30,790,419586,10,0,6.352529483129005
42688,35,806,261843,14,0,7.292355124150868
55342,27,664,315373,8,0,8.010208030863398
67157,23,781,349779,0,0,7.5626543933721955
97863,59,500,512814,38,0,9.139282296324811
82083,23,453,433455,3,1,9.819762874351918
95733,44,749,521985,24,0,8.221474517811572
64698,22,800,340449,1,0,6.45435911404703
52671,51,372,269454,35,1,10.0
55184,22,595,318187,3,0,8.608552176908821
72107,46,316,380111,30,1,10.0
81663,48,516,444261,30,0,10.0
45708,51,360,234656,32,0,10.0
79811,38,341,414618,17,1,10.0
32811,40,324,190843,15,0,10.0
86250,24,338,458178,3,1,10.0
64754,37,430,360106,21,0,10.0
41411,47,797,216902,23,0,7.3363255810625665
32911,61,528,190710,40,0,10.0
97270,41,407,500485,20,1,10.0
38680,40,471,211174,16,0,10.0
41111,25,734,207297,4,0,8.236894686506597
67504,20,777,355829,0,0,7.559969806951991
31802,24,401,159629,0,0,10.0
38155,60,823,208433,37,0,7.584390061411659
69384,31,574,381627,6,0,9.601464623811667
77254,45,343,406607,24,1,10.0
51918,53,316,275591,31,1,10.0
90713,33,629,454533,14,0,8.604111087612852
60306,45,796,349144,24,0,6.960716542403853
46646,64,311,259122,40,1,10.0
76843,46,617,409834,24,0,8.923296440375577
46371,28,515,232136,4,0,9.610801097940818
32049,45,638,187665,23,0,9.57360065702132
61616,41,380,323440,17,1,10.0
50932,49,784,293690,31,0,7.005096856623889
59855,62,673,300333,39,0,7.354049350342811
91434,36,499,477847,19,1,10.0
73016,45,836,375804,23,0,7.476153104398302
37400,55,765,215404,35,0,6.910074659100978
72642,20,388,401156,4,1,10.0
45151,27,567,265503,6,0,8.914436460923795
81407,54,788,436891,38,0,7.94154032328783
96690,34,837,492650,9,0,7.137923807193569
34499,41,346,206492,24,0,10.0
36295,33,587,207086,8,0,8.166013111200908
89040,45,315,486435,27,1,10.0
42183,47,700,245972,30,0,8.453341984140646
59299,42,385,297734,25,1,10.0
42874,33,549,252508,8,0,10.0
62711,43,690,362493,19,0,7.6630423968298595
35539,21,634,177820,0,0,9.405507679132256
83351,64,818,462027,40,0,6.045160780823874
91267,45,436,480192,21,1,10.0
78354,33,797,407168,17,0,7.111396953289821
32557,26,776,169423,8,0,6.433068940390882
68360,22,522,348370,1,0,9.263787656517678
32200,42,671,164249,23,0,7.314808072554628
98497,62,701,501595,38,0,7.927535930929012
76975,64,742,425238,40,0,7.18253052152
51357,37,789,270390,17,0,7.306714968595518
32869,57,572,176460,39,0,8.874475615417236
91135,54,825,494737,29,0,6.349838223013969
80108,34,458,423451,9,1,10.0
68467,44,451,380860,25,0,9.586285671956707
53328,56,487,299196,38,0,10.0
33987,47,397,182530,24,0,10.0
88871,29,430,446324,8,1,10.0
52399,58,470,305748,33,0,10.0
76214,36,482,398345,17,0,10.0
74064,58,663,374790,37,0,7.74066035905743
70818,41,338,364315,23,1,10.0
75525,45,826,419949,27,0,6.219020339819076
49830,63,796,291124,40,0,7.62915655740038
47429,44,815,279904,25,0,5.919340533452966
36893,36,648,207661,11,0,8.68561367016698
77333,32,696,426952,9,0,9.03087503238262
33436,39,460,180849,21,0,10.0
35895,44,315,216855,21,0,10.0
49738,23,792,293831,5,0,6.207281818573285
60746,29,725,352050,4,0,8.41274702877142
79377,22,407,444299,1,1,10.0
78404,60,749,430026,38,0,6.739865994119134
84045,64,610,435802,40,0,8.087714569646712
69790,37,469,371423,19,0,10.0
35600,55,845,206625,39,0,6.888400525876158
70764,41,713,369324,19,0,8.52857359863351
75714,53,550,402659,31,0,10.0
86835,27,440,470662,4,1,10.0
86491,59,573,432757,40,0,9.304892703510083
48589,63,715,274408,40,0,7.7108548206419805
73484,38,338,412332,15,1,10.0
66212,61,328,360319,40,1,10.0
73525,60,776,410448,39,0,7.787759311460313
77202,56,617,423218,35,0,9.033846862030263
62635,25,544,343834,5,0,10.0
93208,45,571,501880,27,0,9.176760028758375
63828,53,739,351030,37,0,7.824179157437508
48711,64,538,257153,40,0,9.882615106183978
33420,25,676,214155,0,0,8.423394324612651
30301,56,565,198238,38,0,9.755267546171032
75236,52,658,395688,34,0,7.8948669367496125
96235,41,639,523462,24,0,8.634727555091581
84240,40,688,434580,23,0,7.328449605616696
95726,25,302,505614,1,1,10.0
40492,25,728,247093,1,0,7.695334137242528
36102,23,441,188635,0,0,10.0
80336,49,675,437739,24,0,9.151062105172407
56641,30,623,287238,8,0,8.971302133096712
64584,49,445,360793,27,0,10.0
62745,50,592,330812,33,0,9.092532118990405
53093,43,731,306366,26,0,7.958208062752663
96105,28,698,530251,11,0,7.161864432267547
81885,22,643,415129,6,0,8.078783161683694
66631,50,439,341003,31,0,10.0
34014,59,486,191662,35,0,10.0
41093,56,360,251208,40,1,10.0
48070,55,679,247274,34,0,7.490048195106636
65777,43,739,356093,21,0,7.163628615582612
86958,50,618,454404,32,0,9.763065381802102
40729,25,601,204133,1,0,8.652694014206102
75017,21,643,414967,1,0,8.534082116224166
96320,39,310,507523,18,1,10.0
57751,47,361,337263,23,1,10.0
84748,30,525,459681,14,0,9.31136643103195
35801,23,452,208170,0,0,9.893985156876854
49190,34,609,247617,16,0,8.943145256891958
79689,25,542,424658,1,0,8.591011598320842
80993,49,792,409079,30,0,6.0953280652984505
59592,57,665,334281,40,0,7.788137618203715
40647,21,629,210996,4,0,7.783442725001644
38716,34,406,224696,16,0,10.0
32368,30,525,195608,14,0,9.427721298677504
36655,27,517,231681,10,0,10.0
85766,45,805,454256,21,0,7.0940972867386005
43403,64,558,234787,40,0,9.445335451912833
62097,63,816,348703,40,0,6.426977646416243
40966,24,353,208542,2,0,10.0
82921,25,346,415972,4,1,10.0
79726,45,820,439587,22,0,5.974185533591544
80300,23,398,443281,0,1,10.0
52677,38,319,312991,20,1,10.0
85609,39,789,454245,18,0,6.8004462856033845
86661,52,718,437031,29,0,7.834823877435618
61024,39,361,328736,23,1,10.0
83006,31,444,442753,12,1,10.0
45338,20,515,264264,1,0,10.0
98027,45,302,525093,20,1,10.0
49508,33,459,256648,16,0,9.672978239795963
33051,57,419,177433,33,0,10.0
78747,56,388,429378,35,1,10.0
84021,30,628,451429,9,0,8.563656357077662
96412,55,656,520420,37,0,8.262042150531093
88335,32,566,459499,14,0,10.0
86179,62,622,476255,40,0,9.208065288933714
62093,22,840,319392,3,0,6.815810428181408
99678,52,494,526534,32,1,9.678745435725563
69734,25,631,379680,5,0,9.33758076844259
47019,29,469,257538,12,0,10.0
58251,24,820,305692,4,0,7.442396565100454
55945,42,762,324023,18,0,6.383130210382946
62217,29,339,350863,5,1,10.0
38308,63,836,202747,40,0,5.742270762884202
35949,21,560,205282,0,0,8.915214440667445
81990,32,694,445707,8,0,7.179049400695542
31150,59,525,167790,36,0,9.957590905898776
96617,21,423,525071,2,1,10.0
46896,39,337,257092,21,1,10.0
76175,20,627,409316,0,0,8.497677766089959
37805,56,550,195496,35,0,9.412473017911084
35237,28,475,211816,3,0,9.988106043521833
50056,36,753,293741,18,0,6.712050000970386
75543,28,336,404238,5,1,10.0
86556,30,615,464128,10,0,9.352356095616836
33343,34,413,167892,11,0,10.0
43500,43,339,222260,24,0,10.0
83222,57,600,448889,38,0,8.709542583671968
59375,54,523,318511,37,0,10.0
39662,49,617,214663,28,0,9.167145293445827
46964,50,648,246376,32,0,8.877339913345129
89638,24,414,475788,8,1,10.0
97215,63,622,497638,40,0,8.967321582417078
99042,33,339,542029,15,1,10.0
43284,30,339,260210,5,1,10.0
91389,28,588,465179,7,0,9.946573895152474
39435,53,561,222694,30,0,9.615146936689639
84340,31,515,448666,6,0,10.0
74078,54,446,386563,32,0,10.0
81293,54,635,433452,36,0,7.891116832807381
90403,20,467,465193,0,1,10.0
59124,59,391,334958,40,1,10.0
73919,41,652,394191,17,0,8.547934945095529
65247,48,662,359409,31,0,7.664274247586914
92752,27,644,505734,11,0,7.583413221461807
86573,30,469,437296,9,1,10.0
89101,60,655,473269,40,0,8.040081415308311
56646,56,490,304857,32,0,10.0
53049,33,721,304555,16,0,7.944399773469102
98385,49,306,500831,32,1,10.0
70158,54,432,387704,32,0,9.926006590247491
95417,40,330,521899,18,1,10.0
53289,56,834,311824,36,0,6.346334706345317
39823,24,725,212191,8,0,8.208346975098896
90160,38,693,500092,22,0,8.374583297183879
71975,33,662,397525,17,0,9.071208725979812
39540,45,736,244581,25,0,8.024985653338451
46364,23,381,278233,0,1,10.0
34611,44,655,179067,27,0,8.795933244788865
57663,64,557,295466,40,0,8.980762348510837
81991,61,823,438166,40,0,6.382626997556425
87679,44,594,465512,27,0,9.637970319841585
60977,37,523,341263,15,0,9.662839032803165
79115,59,824,438227,36,0,7.356760681036705
90890,27,345,461344,8,1,10.0
96387,58,412,495402,38,1,10.0
48071,59,532,271365,40,0,10.0
89275,33,316,495632,10,1,10.0
41938,51,659,252331,30,0,8.047733636642278
65195,57,522,338264,40,0,9.944397493188228
34000,52,747,214976,30,0,7.272344846875256
68304,42,664,385116,20,0,8.562148333600465
99449,34,625,520416,12,0,9.16117172528765
50764,52,766,288725,36,0,7.716810036984274
68494,44,713,363299,26,0,7.619105774040243
33373,36,754,200919,16,0,6.793720403397506
42161,52,532,259283,29,0,9.541058676924415
57350,21,523,330889,5,0,9.055188288163817
55351,33,711,325468,12,0,8.670194070367616
45305,59,634,256259,39,0,8.351754921475715
95953,59,521,486817,38,0,9.098919494446648
87458,58,336,440944,38,1,10.0
50358,25,577,275276,7,0,9.52164477257297
33267,25,495,185078,6,0,10.0
68513,22,783,390933,1,0,6.8512083331625835
56092,26,541,304949,10,0,8.733423777695302
41338,27,623,215326,7,0,8.589257789790464
30412,61,491,158501,39,0,9.712434990126788
37543,34,316,212326,17,0,10.0
63496,48,823,359915,26,0,6.981558498905381
90692,52,700,465609,27,0,7.7291874563950795
74425,49,321,406691,30,1,10.0
68756,58,773,386148,39,0,8.246071932311184
48888,46,419,266115,24,0,10.0
65735,55,509,334170,32,0,10.0
77295,48,605,429143,30,0,8.231105935156721
47955,57,569,253448,36,0,9.281179399318795
67841,52,584,350335,36,0,8.215073439738932
95510,56,526,500218,37,0,9.7509102358209
64911,46,680,339777,24,0,9.128034814235404
89031,52,759,468824,30,0,7.1784134259716
37357,23,306,220853,5,0,10.0
62479,41,328,335648,23,1,10.0
91476,21,332,466815,0,1,10.0
74811,29,378,402607,5,1,10.0
66208,24,758,368424,1,0,6.466704192656372
50150,29,837,267143,6,0,7.142427227900354
73286,52,781,377047,27,0,7.107046017763782
98450,57,729,530770,34,0,7.288489543945309
51352,32,584,266612,12,0,9.960166366032961
85069,50,815,456746,32,0,6.082277920401051
44397,55,398,228280,39,0,10.0
71555,64,696,393768,40,0,7.667933434754705
76959,43,788,418879,22,0,7.896807344617363
30728,34,338,198745,12,0,10.0
80517,48,570,442160,25,0,9.953414719482975
96234,27,456,517621,5,1,10.0
69954,24,374,356997,5,1,10.0
77280,48,429,418310,23,1,10.0
46779,23,383,269936,4,1,10.0
93932,31,321,493044,6,1,10.0
54466,64,758,272475,40,0,7.100774208509011
66939,21,838,372473,0,0,6.702815214695169
99896,46,681,515515,21,0,7.498290086356976
65270,50,739,329390,33,0,7.717422970716022
89163,55,320,488237,35,1,10.0
81934,55,602,435830,30,0,9.503803625209741
94895,45,383,524109,20,1,10.0
62307,62,752,329168,40,0,7.360882700624849
84098,46,686,449834,24,0,7.744666498702988
90921,24,806,471619,2,0,6.458669794634188
35486,39,556,192426,19,0,8.829247673409744
38335,30,826,240779,11,0,5.85529516439805
41130,29,461,247271,12,0,10.0
90566,59,462,464525,40,1,9.920495384261566
96703,57,823,486367,36,0,7.702834771732814
57192,25,570,301974,8,0,9.41541765250009
31062,27,791,182352,5,0,6.784554078061015
51545,42,507,291480,26,0,10.0
51689,45,838,298835,21,0,5.89839340269139
41174,62,359,229581,39,0,10.0
39348,31,729,222862,6,0,7.962468642842127
53714,45,608,277730,25,0,8.897795663584903
68102,32,819,367723,12,0,6.613557601308649
36801,59,326,223425,34,0,10.0
78136,37,498,398101,14,0,10.0
53625,44,686,289525,23,0,8.38681191631888
74261,52,648,404842,29,0,8.658754722364565
31542,59,835,175437,40,0,6.8913209596491685
51677,62,677,305267,39,0,7.632624215644867
76732,31,826,388018,15,0,6.530275486528637
80343,63,452,430197,40,1,9.558919065781799
69081,55,505,377522,34,0,9.901092074973652
92856,23,754,487444,2,0,7.546049167915326
49065,24,572,277235,2,0,8.73549947220642
84693,56,535,455961,31,0,10.0
56962,27,820,329121,6,0,7.6189092218744845
58295,61,800,320846,40,0,7.444286470911812
43807,47,416,257502,26,0,10.0
72348,50,685,379365,28,0,8.88993831929537
56432,28,643,316053,8,0,7.831304687646926
87854,48,694,450063,32,0,8.641019588549769
70262,33,363,382317,11,1,10.0
67080,59,371,361166,40,1,10.0
31324,60,573,196152,40,0,8.821535136502714
65909,41,619,341868,17,0,9.564181162036377
49870,30,637,295149,7,0,9.518084187650794
64578,42,665,369710,17,0,7.647591938810231
56790,20,794,329358,2,0,6.985351210130787
55289,56,465,284288,39,0,10.0
85129,40,843,439855,18,0,6.5368148719462935
45485,45,310,243881,25,0,10.0
74482,55,600,403777,38,0,9.17746304426264
34748,42,401,183846,22,0,10.0
39435,20,724,235132,3,0,7.33156711105174
33709,59,691,171017,37,0,7.496446182172175
60355,34,513,351634,16,0,10.0
85771,40,387,435559,23,1,10.0
87799,28,700,442708,6,0,8.022550924401502
43116,28,345,220631,7,0,10.0
55470,29,762,288106,11,0,7.534558058466263
72344,45,609,364195,29,0,9.641154291249105
72918,60,385,400968,40,1,10.0
82224,54,391,415375,35,1,10.0
69298,44,541,360974,21,0,10.0
91629,45,301,492648,26,1,10.0
96040,30,524,488458,12,0,9.907057902911147
58016,57,415,330827,40,0,10.0
53960,21,402,304996,1,0,10.0
63591,26,493,363068,10,0,9.288528420619244
97641,37,465,528399,20,1,10.0
66395,46,389,340508,26,1,10.0
52700,53,421,296081,36,0,10.0
